feature	bgj398	binimetinib	bkm120	byl719-ljm716	byl719	cgm097	clr457	hdm201	lee011	ljm716	lka136	llm871
Adipocytes_gex	0	0	0	0	0	0	0	0	0	0	0	0
Astrocytes_gex	0	42.0531021927924	0	36.088120496605	0	0	0	0	0	0	0	1.82808912363192
B_cells_gex	0	0	0	0	0	0	0	0	0	0	0	0
Basophils_gex	0	0	0	0	0	0	0	0	0	0	0	0
CD4_T_cells_gex	0	0	0	0	0	0	0	0	0	0	0	0
CD4_Tcm_gex	0	0	0	3.0444327281972	36.5504832926057	0	0	0	0	0	0	0
CD4_Tem_gex	0	0	0	0	0	0	0	0	0	0	0	0
CD4_memory_T_cells_gex	0	0	0	20.3673710495399	0	0	0	0	0	0	0	0
CD4_naive_T_cells_gex	0	0	0	0	0	0	0	0	0	0	0	0
CD8_T_cells_gex	0	0	0	0	0	0	0	0	0	0	0	0
CD8_Tcm_gex	0	0	0	0	0	0	0	0	5.07728792481075	0	0	0
CD8_Tem_gex	0	0	0	0	4.7097541079228	0	0	0	0	0	0	0
CD8_naive_T_cells_gex	0	0	0	0	0.0133035204297777	0	0	0	0	0	0	23.2342961530142
CLP_gex	0	0	0	0	0	0	0	0	78.0421801165519	0	0	0
CMP_gex	0	0	0	50.9082705240562	41.4352008572906	0	0	0	0	0	0	0
Chondrocytes_gex	0	0	0	0	0	0	0	0	0	0	0	0
Class_switched_memory_B_cells_gex	0	0	0	32.7624969102475	13.6016723325482	0	0	0	0	0	0	0
DC_gex	0	0	0	0	0	0	0	0	20.6353576253171	0	0	0
ENSG00000002016_cnv.panel	0	0	0	0	0	0	0	0	0	0	0	0
ENSG00000004700_cnv.panel	0	0	0	0	0	0	0	0	0	0	0	0
ENSG00000005007_mut.panel	0	0	0	0	0	0	0	0	0	0	0	0
ENSG00000005339_mut.panel	0	0	0	0	4.39297555933898	0	0	0	0	0	0	0
ENSG00000008130_mut.panel	0	0	0	0	0	0	0	0	0	0	0	8.72905436903378
ENSG00000009307_mut.panel	0	0	0	0	0	0	0.271219119735766	0	0	0	0	0
ENSG00000010671_cnv.panel	0	0	0	0	6.45994303836165	0	0	0	0	0	0	0
ENSG00000012048_mut.panel	0	0	0	0	21.7703864532743	0	0	0	0	0	0	0
ENSG00000012124_cnv.panel	0	0	0	0	0	0	0	0	0	0	0	0
ENSG00000015285_cnv.panel	0	0	0	0	0	0	0	0	0	0	0	0
ENSG00000021826_mut.panel	0	0	0	0	0	0	0	0	0	0	0	0
ENSG00000032219_mut.panel	0	0	0	0	21.9066207521105	0	0	0	0	0	0	34.6483600199948
ENSG00000033327_cnv.panel	0	0	0	0	0	0	0	0	0	0	0	0
ENSG00000039068_mut.panel	0	0	0	0	0	0	0	0	0	0	0	0
ENSG00000046889_cnv.panel	0	0	0	0	0	0	0	0	0	0	0	0
ENSG00000047410_mut.panel	0	0	0	0	0	0	0	0	0	0	0	0
ENSG00000049540_mut.panel	0	0	0	0	0	0	0	0	0	0	0	0
ENSG00000049618_mut.panel	0	0	0	19.78410045884	32.0697754165095	0	0	0	0	0	0	0
ENSG00000051341_mut.panel	0	0	0	0	24.8454652182199	0	0	0	0	0	0	0
ENSG00000054267_mut.panel	0	0	0	42.662255685192	0	0	0	0	0	0	0	0
ENSG00000057149_cnv.panel	0	0	0	0	0	0	0	0	0	0	0	0
ENSG00000059122_mut.panel	0	0	0	0	0	0	0	0	0	0	0	0
ENSG00000062822_mut.panel	0	0	0	0	6.99649342498433	0	0	0	0	0	0	0
ENSG00000065361_mut.panel	0	0	0	0.452581295681691	14.9470404473254	0	0	0	0	0	0	0
ENSG00000065526_mut.panel	0	0	0	0	13.2320532430864	0	0	0	0	0	0	0
ENSG00000065559_cnv.panel	0	0	0	0	0	0	0	0	0	0	0	0
ENSG00000066455_mut.panel	0	0	0	0	0	0	0	0	0	0	0	0
ENSG00000067082_cnv.panel	0	0	0	0	52.1675614547052	0	0	0	0	0	0	0
ENSG00000067369_cnv.panel	0	0	0	0	0	0	0	0	0	0	0	0
ENSG00000067369_mut.panel	0	0	0	0	0	0	0	0	0	0	0	0
ENSG00000067560_mut.panel	0	0	0	0	0	0	0	0	0	0	0	0
ENSG00000067842_cnv.panel	0	0	0	0	0	0	0	0	0	0	0	0
ENSG00000068024_mut.panel	0	0	0	0	0	0	0	0	0	0	0	0
ENSG00000068078_mut.panel	0	0	0	0	0	0	0	0	0	0	0	0
ENSG00000068323_cnv.panel	0	0	0	0	0	0	0	0	0	0	0	0
ENSG00000070018_cnv.panel	0	0	0	0	0	0	0	0	0	0	0	0
ENSG00000070193_cnv.panel	0	0	0	0	0	0	0	0	0	0	0	0
ENSG00000071539_cnv.panel	0	0	0	0	14.8933197792225	0	0	0	0	0	0	0
ENSG00000071553_cnv.panel	0	0	0	0	0	0	0	0	0	0	0	0
ENSG00000071553_mut.panel	0	0	0	0	13.938869190065	0	0	0	0	0	0	0
ENSG00000071564_mut.panel	0	0	0	0	0	0	0	0	0	0	0	0
ENSG00000072364_mut.panel	0	0	0	4.54675864808342	0	0	0	0	0	0	0	0
ENSG00000072501_cnv.panel	0	0	0	0	0	0	0	0	0	0	0	0
ENSG00000072501_mut.panel	0	0	0	0	0	0	0	0	0	0	0	0
ENSG00000073282_cnv.panel	0	0	0	0	0	0	0	0	0	0	0	0
ENSG00000073578_cnv.panel	0	0	0	0	0	0	0	0	0	0	0	0
ENSG00000073614_cnv.panel	0	0	0	0	0	0	0	0	0	0	0	0
ENSG00000073614_mut.panel	0	0	0	0	7.18427793565613	0	0	0	0	0	0	0
ENSG00000074181_mut.panel	0	0	0	0	0	0	0	0	0	0	0	0
ENSG00000075218_mut.panel	0	0	0	0	0	0	0	0	5.13252485226	0	0	0
ENSG00000076242_mut.panel	0	0	0	8.4891750997544	0	0	0	0	0	0	0	0
ENSG00000076641_cnv.panel	0	0	0	0	0	0	0	0	0	0	0	0
ENSG00000077264_cnv.panel	0	0	0	0	0	0	0	0	0	0	0	0
ENSG00000077782_cnv.panel	0	0	0	13.371500233937	0	0	0	0	0	0	0	0
ENSG00000078061_cnv.panel	0	0	0	0	0	0	0	0	0	0	0	0
ENSG00000078403_cnv.panel	0	0	0	0	0	0	0	0	0	0	0	0
ENSG00000078403_mut.panel	0	100	0	58.7083243082569	0	0	0	0	0	0	0	0
ENSG00000078674_cnv.panel	0	0	0	0	0	0	0	0	0	0	0	0
ENSG00000078674_mut.panel	0	25.4027547479447	0	4.50065293583009	22.0690092045369	0	0	0	0	0	0	0
ENSG00000079102_cnv.panel	0	0	0	0	0	0	0	0	0	0	0	0
ENSG00000079999_mut.panel	0	0	0	44.752185848744	33.2911849230621	0	0	0	0	0	0	0
ENSG00000080503_cnv.panel	0	0	0	0	0	0	0	0	0	0	0	0
ENSG00000080503_mut.panel	0	0	0	0	0	0	0	0	0	0	0	0
ENSG00000080824_mut.panel	0	0	0	0	0	0	0	0	0	0	0	0
ENSG00000082805_cnv.panel	0	0	0	0	0	0	0	0	0	0	0	0
ENSG00000083168_mut.panel	0	0	0	0	0	0	0	0	0	0	0	0
ENSG00000083520_cnv.panel	0	0	0	0	0	0	0	0	0	0	0	0
ENSG00000083520_mut.panel	0	0	0	0	0	0	0	0	0	0	0	0
ENSG00000083642_mut.panel	0	0	0	0	0	0	0	0	0	0	0	0
ENSG00000083857_mut.panel	0	41.7891501811982	100	38.3465919357971	5.59984915107527	0	0	0	19.0130170097443	0	0	0
ENSG00000084093_mut.panel	0	0	0	0	0	0	0	0	0	0	0	0
ENSG00000084676_mut.panel	0	0	0	0	0	0	0	0	0	0	0	0
ENSG00000084774_mut.panel	0	0	0	0	0	0	0	0	0	0	0	0
ENSG00000085185_cnv.panel	0	0	0	0	0	0	0	0	0	0	0	0
ENSG00000085224_cnv.panel	0	0	0	0	18.8229925098021	0	0	0	0	0	0	0
ENSG00000085224_mut.panel	0	0	0	0	0	0	0	0	0	0	0	0
ENSG00000085276_cnv.panel	0	0	0	0	0	0	0	0	0	0	0	0
ENSG00000087088_mut.panel	0	0	0	0	0	0	0	0	0	0	0	0
ENSG00000089094_mut.panel	0	0	0	0	3.65566966013185	0	0	0	0	0	0	0
ENSG00000089280_mut.panel	2.77991357435954	0	0	0	0	0	0	0	0	0	0	0
ENSG00000092445_mut.panel	0	0	0	0	16.2768122456902	0	0	0	0	0	0	0
ENSG00000095002_mut.panel	0	0	0	0	63.014977231927	0	0	0	0	0	0	0
ENSG00000095015_mut.panel	0	0	0	0	0	0	0	0	0	0	0	0
ENSG00000096384_cnv.panel	0	0	0	0	0	0	0	0	0	0	0	0
ENSG00000096968_cnv.panel	0	0	0	0	16.2862293945704	0	0	0	0	0	0	0
ENSG00000099381_mut.panel	0	0	0	0	0	0	0	0	0	0	0	0
ENSG00000099810_cnv.panel	0	0	0	0	0	0	0	0	0	0	0	0
ENSG00000099949_mut.panel	0	0	0	0	0	0	0	0	0	0	0	0
ENSG00000100345_mut.panel	0	0	0	0	8.92401503614136	0	0	0	0	0	0	0
ENSG00000100393_mut.panel	0	0	0	0	0	0	0	0	0	0	0	0
ENSG00000100503_mut.panel	0	0	0	27.2728800582478	0	0	0	0	0	0	0	0
ENSG00000100697_mut.panel	0	0	0	0	0	0	0	0	0	0	0	0
ENSG00000100815_mut.panel	0	0	0	0	0	0	0	0	0	0	0	0
ENSG00000101096_mut.panel	0	0	0	0	0	0	0	0	0	0	0	0
ENSG00000101966_cnv.panel	0	0	0	0	0	0	0	0	0	0	0	0
ENSG00000101972_cnv.panel	0	0	0	0	0	0	0	0	0	0	0	0
ENSG00000102034_cnv.panel	0	0	0	0	0	0	0	0	0	0	0	0
ENSG00000102038_cnv.panel	0	0	0	0	0	0	0	0	0	0	0	0
ENSG00000102145_cnv.panel	0	0	0	0	0	0	0	0	0	0	0	0
ENSG00000102466_cnv.panel	0	0	0	0	0	0	0	0	0	0	0	0
ENSG00000102554_cnv.panel	0	0	0	0.679421528929527	0	0	0	0	66.5994183065417	0	0	0
ENSG00000102755_cnv.panel	0	0	0	0	0	0	0	0	0	0	0	0
ENSG00000103126_mut.panel	0	0	0	0	0	0	0	0	0	0	0	0
ENSG00000103197_mut.panel	0	0	0	0	0	0	0	0	8.04515078895837	0	0	0
ENSG00000103855_mut.panel	0	0	0	0	0	0	0	0	0	0	0	0
ENSG00000104320_cnv.panel	0	0	0	6.05773135576506	0	0	0	0	0	0	0	0
ENSG00000104320_mut.panel	0	0	0	0	0	0	0	0	0.124974642260642	0	0	0
ENSG00000104332_cnv.panel	0	0	0	0	0	0	0	0	0	0	0	9.30789492172237
ENSG00000104408_cnv.panel	0	0	0	0	0	0	0	0	0	0	0	0
ENSG00000104419_cnv.panel	0	0	0	0	0	0	0	0	0	0	0	0
ENSG00000104517_cnv.panel	0	0	0	0	0	0	0	0	0	0	0	0
ENSG00000104517_mut.panel	0	0	0	30.2552928002445	0	0	0	0	31.0254281006374	0	0	0
ENSG00000104723_cnv.panel	0	0	0	0	45.4753803542848	0	0	0	0	0	0	0
ENSG00000104884_mut.panel	0	0	0	0	0	0	0	0	0	0	0	0
ENSG00000104885_mut.panel	0	0	0	0	0.268547665059287	0	0	0	0	0	0	0
ENSG00000105173_cnv.panel	0	0	0	0	0	0	0	0	0	0	0	7.78785621989382
ENSG00000105397_mut.panel	0	0	0	0	13.8664962104076	0	0	0	0	0	0	0
ENSG00000105662_mut.panel	0	0	0	0	0	0	0	0	0	0	0	0
ENSG00000105722_mut.panel	0	0	0	0	0	0	0	0	53.306012949556	0	0	0
ENSG00000105976_mut.panel	0	0	0	0	0	0	0	0	0	0	0	0
ENSG00000106031_mut.panel	0	0	0	0	0	0	0	0	0	0	0	0
ENSG00000106462_cnv.panel	0	0	0	0	0	0	0	0	0	0	0	0
ENSG00000106462_mut.panel	0	0	0	0	0	0	0	0	0	0	0	0
ENSG00000106829_mut.panel	0	0	0	0	0	0	0	0	0	0	0	0
ENSG00000107485_cnv.panel	0	0	0	0	0	0	0	0	0	0	0	0
ENSG00000107929_cnv.panel	0	0	0	0	0	0	0	0	0	0	0	0
ENSG00000108375_mut.panel	0	0	0	0	0	0	0	0	0	0	0	3.22282128623838
ENSG00000108654_mut.panel	0	0	0	0	0	0	0	0	0	0	0	0
ENSG00000108821_cnv.panel	0	0	0	0	0	0	0	0	0	0	0	0
ENSG00000108821_mut.panel	0	0	0	0	6.89554829763352	0	0	0	0	0	0	0
ENSG00000109670_mut.panel	0	0	0	0	45.331876256926	0	0	0	0	0	0	0
ENSG00000110092_cnv.panel	0	0	0	0	0	0	0	0	0	0	0	0
ENSG00000110713_mut.panel	0	0	0	0	0	0	0	0	0	0	0	0
ENSG00000110841_mut.panel	0	0	0	0	0	0	0	0	0	0	0	0
ENSG00000111241_cnv.panel	0	0	0	0	1.90357297546324	0	0	0	0	0	0	0
ENSG00000111276_cnv.panel	0	0	0	0	0	0	0	0	0	0	0	0
ENSG00000111642_cnv.panel	0	0	0	0	0	0	0	0	0	0	0	0
ENSG00000111642_mut.panel	0	0	0	0	0	0	0	0	0	0	0	0
ENSG00000111679_cnv.panel	0	0	0	0	0	0	0	0	0	0	0	0
ENSG00000112242_cnv.panel	0	0	0	0	0	0	0	0	0	0	0	0
ENSG00000112561_mut.panel	0	0	0	0	0	0	0	0	0	0	0	0
ENSG00000112655_cnv.panel	0	0	0	0	0	0	0	0	0	0	0	0
ENSG00000112655_mut.panel	0	0	0	1.31083986919964	0	0	0	0	0	0	0	0
ENSG00000112715_cnv.panel	0	0	0	0	0	0	0	0	0	0	0	0
ENSG00000113318_mut.panel	0	0	0	0	0	0	0	0	0	0	0	0
ENSG00000113360_cnv.panel	0	0	0	0	0	0	0	0	0	0	0	0
ENSG00000113360_mut.panel	0	0	0	0	0	0	0	0	0	0	0	0
ENSG00000113522_mut.panel	0	0	0	0	0	0	0	0	0	0	0	0
ENSG00000113594_cnv.panel	0	0	0	0	0	0	0	0	0	0	0	0
ENSG00000114279_cnv.panel	0	0	0	0	0	0	0	0	0	0	0	0
ENSG00000114861_mut.panel	0	0	0	0	0	0	0	0	0	0	0	0
ENSG00000115170_mut.panel	0	0	0	3.37489149138031	0	0	0	0	0	0	0	0
ENSG00000115392_cnv.panel	0	0	0	0	0	0	0	0	0	0	0	0
ENSG00000115904_mut.panel	0	0	0	0	0	0	0	0	0	0	0	0
ENSG00000116044_mut.panel	0	0	0	0	0	0	0	0	0	0	0	0
ENSG00000116128_mut.panel	0	0	0	0	0	0	0	0	0	0	29.7008996735329	0
ENSG00000116251_mut.panel	0	0	0	14.003569134302	14.5394868639859	0	0	0	0	0	0	0
ENSG00000116604_mut.panel	0	0	0	0	0	0	0	0	0	0	0	0
ENSG00000117362_cnv.panel	0	0	0	0	0	100	0	100	0	0	0	0
ENSG00000117713_mut.panel	0	0	0	0	8.79872394841539	0	0	0	0	0	0	0
ENSG00000118046_mut.panel	15.6180276662671	0	31.6738255109028	49.800959235093	0	0	0	0	3.3854862063224	0	0	100
ENSG00000118689_mut.panel	0	0	0	0	0	0	0	0	0	0	0	0
ENSG00000118971_cnv.panel	0	0	0	0	1.82433211046133	0	0	0	0	0	0	0
ENSG00000118972_cnv.panel	0	0	0	0	1.60085615502392	0	0	0	0	0	0	0
ENSG00000119335_mut.panel	0	0	0	0	0	0	0	0	0	0	0	0
ENSG00000120156_cnv.panel	0	0	0	0	0	0	0	0	0	0	0	0
ENSG00000120162_cnv.panel	0	0	0	0	0	0	0	0	0	0	0	0
ENSG00000120217_cnv.panel	0	0	0	0	0	0	0	0	0	0	0	0
ENSG00000120738_mut.panel	0	0	0	0	0	0	0	0	0	0	0	0
ENSG00000120875_cnv.panel	0	0	0	0	23.922372292908	0	0	0	0	0	0	0
ENSG00000121879_mut.panel	0	0	0	0	13.41805930556	0	0	0	0	0	0	20.9587221062854
ENSG00000121989_mut.panel	0	0	0	0	25.0707741758878	0	0	0	0	0	0	0
ENSG00000122025_cnv.panel	0	0	0	0	0	0	0	0	0	0	0	0
ENSG00000122512_mut.panel	0	0	0	6.19975052581875	0	0	0	0	0	0	0	0
ENSG00000122641_cnv.panel	0	0	0	0	0	0	0	0	0	0	0	0
ENSG00000122779_cnv.panel	0	0	0	0	0	0	0	0	0	0	0	0
ENSG00000122779_mut.panel	0	0	0	32.6549512997299	0	0	0	0	0	0	0	0
ENSG00000123364_mut.panel	0	0	0	0	0	0	0	0	0	0	0	0
ENSG00000123444_mut.panel	0	0	0	0	0	0	0	0	0	0	0	0
ENSG00000123473_mut.panel	0	0	0	14.6152596531751	0	0	0	0	0	0	0	0
ENSG00000124151_mut.panel	100	0	0	0	0	0	0	0	7.51444163366479	0	0	0
ENSG00000124181_mut.panel	0	0	0	0	0	0	0	0	0	0	0	0
ENSG00000124813_cnv.panel	0	0	0	0	0	0	0	0	0	0	0	0
ENSG00000125398_mut.panel	0	0	0	20.6971367209156	0	0	0	0	0	0	100	0
ENSG00000126012_cnv.panel	0	0	0	0	0	0	0	0	0	0	0	0
ENSG00000126012_mut.panel	0	0	0	42.6270462822488	0	0	0	0	0	0	0	0
ENSG00000126746_cnv.panel	0	0	0	0	0	0	0	0	0	0	0	0
ENSG00000126746_mut.panel	0	0	0	0	0	0	0	0	0	0	0	0
ENSG00000126752_cnv.panel	0	0	0	0	5.3346870123372	0	0	0	0	0	0	0
ENSG00000126777_mut.panel	0	0	0	0	0	0	0	11.3424869930889	0	0	0	4.38778383981871
ENSG00000126883_mut.panel	0	31.1182112057661	0	0	0	0	0	0	0	0	0	0
ENSG00000127329_cnv.panel	0	0	0	0	0	0	0	0	0	0	0	0
ENSG00000127329_mut.panel	0	0	0	0	0	0	0	0	0	0	0	0
ENSG00000127528_mut.panel	0	0	0	0	0	0	0	0	0	0	0	0
ENSG00000127616_mut.panel	0	0	0	6.96266380126429	36.6662489674794	0	0	0	0	0	0	0
ENSG00000127946_mut.panel	0	0	0	0	0	0	0	0	0	0	0	0
ENSG00000128602_mut.panel	0	0	0	0	0	0	0	0	0	0	0	0
ENSG00000130675_cnv.panel	0	0	0	0	0	0	0	0	0	0	0	0
ENSG00000130816_mut.panel	0	0	0	0	20.1725294457543	0	0	0	0	0	0	0
ENSG00000130829_cnv.panel	0	0	0	0	0	0	0	0	0	0	0	0
ENSG00000131023_mut.panel	0	0	0	0	0	0	0	0	0	0	0	0
ENSG00000131323_mut.panel	0	0	0	0	0	0	0	0	0	0	0	0
ENSG00000131759_mut.panel	35.4455367721109	0	0	0	0	0	0	0	0	0	0	0
ENSG00000132964_cnv.panel	0	0	0	0	0	0	0	0	0	0	0	0
ENSG00000133056_mut.panel	0	0	0	0	0	0	0	0	0	0	0	0
ENSG00000133124_cnv.panel	0	0	0	0	0	0	0	0	0	0	0	0
ENSG00000133703_cnv.panel	0	0	0	0	0	0	0	0	0	0	0	0
ENSG00000133703_mut.panel	0	0	0	26.9799760915182	11.5267959291293	0	0	0	0	0	0	0
ENSG00000133895_mut.panel	0	0	0	32.2016686845861	0.00927515358197727	0	0	0	1.44639584035797	0	0	0
ENSG00000134250_cnv.panel	0	0	0	0	0	0	0	0	0	0	0	0
ENSG00000134250_mut.panel	0	0	0	0	0	0	0	0	0	0	0	0
ENSG00000134258_cnv.panel	0	0	0	0	0	0	0	0	0	0	0	0
ENSG00000134371_cnv.panel	0	0	0	0	0	0	0	0	0	0	0	0
ENSG00000134899_cnv.panel	0	0	0	0	0	0	0	0	0	0	0	0
ENSG00000134982_mut.panel	0	0	0	0	0	0	0	0	0	0	0	0
ENSG00000135111_mut.panel	0	0	0	0	0	0	0	0	0	0	0	0
ENSG00000135218_cnv.panel	0	0	0	0	0	0	0	0	0	0	0	0
ENSG00000135679_cnv.panel	0	0	0	0	0	0	0	0	0	0	0	0
ENSG00000135956_cnv.panel	0	0	0	0	0	0	0	0	0	0	0	0
ENSG00000136167_mut.panel	0	0	0	0	0	0	0	0	0	0	0	17.7718197819008
ENSG00000136169_cnv.panel	0	0	0	0	0	0	0	0	0	0	0	0
ENSG00000136574_cnv.panel	0	0	0	0	0	0	0	0	0	0	0	0
ENSG00000136997_cnv.panel	0	0	0	0	34.9462129634938	0	0	0	0	0	0	0
ENSG00000137497_mut.panel	0	0	0	54.1329668194663	39.5141500295742	0	0	0	0	0	0	0
ENSG00000138081_mut.panel	0	0	0	0	0	0	0	0	0	0	0	0
ENSG00000138363_mut.panel	0	0	0	0	0	0	0	0	0	0	0	0
ENSG00000138376_mut.panel	0	0	0	0	0	0	0	0	0	0	14.1659052403717	0
ENSG00000138413_mut.panel	0	0	0	9.61896499801631	0	0	0	0	0	0	0	0
ENSG00000138592_mut.panel	0	0	0	0	0	0	0	0	0	0	0	0
ENSG00000138674_mut.panel	0	0	0	16.2436495272935	0	0	0	0	41.5621755575306	0	0	0
ENSG00000139083_cnv.panel	0	0	0	0	0	0	0	0	0	0	0	0
ENSG00000139083_mut.panel	0	0	10.5790541429306	0	0	0	0	0	37.7454110879975	0	0	0
ENSG00000139144_cnv.panel	0	0	0	12.7309852962177	0	0	0	0	0	0	0	0
ENSG00000139163_cnv.panel	0	0	0	0	0	0	0	0	0	0	0	0
ENSG00000139618_mut.panel	0	0	0	8.55150157543016	0	0	0	0	0	0	0	0
ENSG00000139687_cnv.panel	0	0	0	0	0	0	0	0	0	0	0	0
ENSG00000139687_mut.panel	17.2147764667817	0	0	0	0	0	0	0	100	0	0	0
ENSG00000139718_mut.panel	0	0	0	38.6019848781477	0	0	0	0	0	0	0	0
ENSG00000139842_cnv.panel	0	0	0	0	0	0	0	0	0	0	0	0
ENSG00000140396_cnv.panel	1.79095840597965	0	0	0	0	0	0	0	0	0	0	0
ENSG00000140564_mut.panel	0	0	0	0	0	0	0	0	0	0	0	0
ENSG00000140836_mut.panel	0	0	0	0	0	0	0	0	0	0	0	0
ENSG00000141027_mut.panel	0	0	0	0	0	0	0	0	0	0	0	0
ENSG00000141380_cnv.panel	0	0	0	0	0	0	0	0	0	0	0	0
ENSG00000141448_mut.panel	0	0	0	0	0	0	0	0	0	0	0	0
ENSG00000141510_mut.panel	0	0	0	0.0643226922865449	0	0	0	96.1831836261709	0	0	0	0
ENSG00000141646_cnv.panel	0	0	0	0	14.3843726395815	0	0	0	0	0	11.0855349192243	0
ENSG00000141646_mut.panel	0	0	0	0	46.0231869404827	0	0	0	0	0	0	0
ENSG00000141867_mut.panel	0	0	0	0	0	0	0	0	0	0	0	0
ENSG00000142208_cnv.panel	0	0	0	0	0	0	0	0	0	0	0	9.54846961853639
ENSG00000142208_mut.panel	0	0	0	0	0	0	0	0	0	0	0	0
ENSG00000142733_mut.panel	0	0	0	0	0	0	0	0	0	0	0	0
ENSG00000142867_mut.panel	0	0	0	18.2658819401123	0	0	0	0	0	0	0	0
ENSG00000143252_cnv.panel	0	0	0	0	0	0	0	0	3.81099804191432	0	0	0
ENSG00000143379_cnv.panel	0	0	0	0	0	0	0	0.29534505990774	0	0	0	0
ENSG00000143379_mut.panel	0	0	0	0	0	0	0	0	0	0	0	0
ENSG00000143384_cnv.panel	0	0	0	0	0	0	0	0	28.5476323424067	0	0	0
ENSG00000143437_cnv.panel	0	0	0	0	0	0	0	0	27.875707105127	0	0	0
ENSG00000143549_cnv.panel	0	0	0	0	0	0	0	0	0	0	0	0
ENSG00000143924_mut.panel	0	0	0	0	0	0	0	0	0	0	0	0
ENSG00000143971_mut.panel	0	0	0	0	0	0	0	0	0	0	0	0
ENSG00000144554_mut.panel	0	0	0	0	13.1778679528313	0	0	0	0	0	0	0
ENSG00000145012_cnv.panel	0	0	0	0	0	0	0	0	0	0	0	0
ENSG00000145675_mut.panel	0	0	0	0	0	0	0	0	0	0	0	0
ENSG00000145715_mut.panel	0	0	0	0	33.7882698376484	0	0	0	0	0	0	0
ENSG00000146232_cnv.panel	0	0	0	0	0	0	0	0	0	0	0	0
ENSG00000146648_mut.panel	0	0	0	0	0	0	0	0	0	0	0	0
ENSG00000147050_cnv.panel	0	0	0	26.8050175425385	52.5974077238812	0	0	0	0	0	0	0
ENSG00000147050_mut.panel	0	0	0	0	0	0	0	0	0	0	0	0
ENSG00000147065_cnv.panel	0	0	0	0	0	0	0	0	0	0	0	8.62620062327748
ENSG00000147082_cnv.panel	0	0	0	0	0	0	0	0	0	0	0	0
ENSG00000147130_cnv.panel	0	0	0	0	0	0	0	0	0	0	0	8.7774672174978
ENSG00000147130_mut.panel	0	0	0	0	0	0	0	0	0	0	0	12.5029541803321
ENSG00000147133_cnv.panel	0	0	0	0	0	0	0	0	0	0	0	8.69139567171301
ENSG00000147140_cnv.panel	0	0	0	0	0	0	0	0	0	0	0	8.54876734658754
ENSG00000147257_cnv.panel	0	0	0	0	0	0	0	0	0	0	0	0
ENSG00000147403_cnv.panel	0	0	0	0	0	0	0	0	0	0	0	0
ENSG00000147416_cnv.panel	0	0	0	0	0	0	0	0	0	0	0	0
ENSG00000147596_cnv.panel	0	0	0	0	0	0	0	0	0	0	0	0
ENSG00000147655_cnv.panel	0	0	0	0	0	0	0	0	0	0	0	0
ENSG00000147883_cnv.panel	0	0	0	0	0	0	0	0	0	0	0	0
ENSG00000147889_cnv.panel	0	0	0	0	0	0	0	0	0	0	0	0
ENSG00000147889_mut.panel	0	0	0	91.1735802916171	33.1135732327092	0	0	27.6707585399977	0	0	0	0
ENSG00000148400_mut.panel	0	0	0	0	0	0	0	0	0	0	0	0
ENSG00000148737_mut.panel	0	0	0	0	47.9758163231111	0	0	0	0	0	0	0
ENSG00000148773_mut.panel	0	0	0	0	0	0	0	0	0	0	0	0
ENSG00000148843_mut.panel	0	0	0	35.8076148192519	0	0	0	0	0	0	0	0
ENSG00000149269_cnv.panel	0	0	0	0	0	0	0	0	0	0	0	0
ENSG00000149311_mut.panel	0	0	0	0	0	0	0	0	0	0	0	0
ENSG00000150347_mut.panel	0	0	0	24.9208952446052	0	0	0	0	0	0	0	0
ENSG00000151490_cnv.panel	0	0	0	0	0	0	0	0	0	0	0	0
ENSG00000152217_mut.panel	0	0	0	0	0	0	0	0	0	0	0	0
ENSG00000153201_mut.panel	0	0	0	0	0	0	0	0	0	0	0	18.100270005018
ENSG00000153707_cnv.panel	0	0	0	0	13.9506907180008	0	0	0	0	0	0	0
ENSG00000153707_mut.panel	0	0	0	0	0	0	0	0	0	0	0	0
ENSG00000156531_cnv.panel	0	0	0	0	0	0	0	0	0	0	0	0
ENSG00000156650_mut.panel	0	19.2368160473107	0	0	0	0	0	0	0	0	0	0
ENSG00000157106_mut.panel	2.9632051460939	0	0	10.5908869171078	12.7018056640588	0	0	0	0	0	0	0
ENSG00000157168_cnv.panel	0	0	0	0	0	0	0	0	0	0	0	0
ENSG00000157764_cnv.panel	0	0	0	0	0	0	0	0	0	0	0	0
ENSG00000157764_mut.panel	0	0	0	38.5379994370229	0	0	0	0	0	0	0	0
ENSG00000157873_cnv.panel	0	0	0	0	0	0	0	0	0	0	0	0
ENSG00000158050_cnv.panel	0	0	0	0	0	0	0	0	0	0	0	0
ENSG00000159216_mut.panel	0	0	0	0	0	0	0	0	0	0	0	0
ENSG00000160293_mut.panel	0	0	0	0	0	0	0	0	23.4696365048133	0	0	0
ENSG00000160957_cnv.panel	0	0	0	0	10.0621981127361	0	0	0	0	0	0	0
ENSG00000160957_mut.panel	0	0	0	12.7749325384643	38.0685453864958	0	0	0	0	0	0	0
ENSG00000161996_mut.panel	0	0	0	0	0	0	0	0	0	0	0	9.46315028101072
ENSG00000162337_mut.panel	0	0	0	25.7978725749157	0	0	0	0	0	0	0	0
ENSG00000162613_cnv.panel	0	0	0	0	0	0	0	0	0	0	0	0
ENSG00000162736_cnv.panel	0	0	0	0	5.35214152506517	0	0	0	65.4556409394224	0	0	0
ENSG00000162775_mut.panel	0	0	0	0	0	0	0	0	0	0	0	0
ENSG00000163513_mut.panel	0	0	0	3.1246339698722	0	0	0	0	49.599566065293	0	0	0
ENSG00000163558_cnv.panel	0	0	0	0	0	0	0	0	0	0	0	0
ENSG00000163659_mut.panel	0	0	0	0	0	0	0	0	0	0	0	0
ENSG00000163939_mut.panel	0	0	0	0	0	0	0	0	0	0	0	0
ENSG00000164327_cnv.panel	0	0	0	0	0	0	0	0	0	0	0	0
ENSG00000164362_cnv.panel	0	0	0	0	14.8437816217766	0	0	0	0	0	0	0
ENSG00000164683_cnv.panel	0	0	0	0	0	0	0	0	0	0	0	0
ENSG00000164736_cnv.panel	0	0	0	0	0	0	0	0	0	0	0	0
ENSG00000164754_cnv.panel	0	0	0	0.775524352183455	0	0	0	0	0	0	0	0
ENSG00000164754_mut.panel	0	0	0	0	0	0	0	0	0	0	0	0
ENSG00000164985_cnv.panel	0	0	0	0	0	0	0	0	0	0	0	0
ENSG00000165195_cnv.panel	0	0	0	0	0	0	0	0	0	0	0	0
ENSG00000165392_cnv.panel	0	0	0	0	0	0	0	0	0	0	0	0
ENSG00000165392_mut.panel	0	81.3473966408659	0	0	0	0	0	0	29.7045307411293	0	0	0
ENSG00000165458_mut.panel	0	26.4491545755093	0	0	0	0	0	0	0	0	0	0
ENSG00000165556_cnv.panel	0	0	0	0	0	0	0	0	0	0	0	0
ENSG00000165671_mut.panel	0	0	0	0	0	0	0	0	0	0	0	0
ENSG00000166225_cnv.panel	0	0	0	0	0	0	0	0	0	0	0	0
ENSG00000166987_mut.panel	0	0	0	0	0	0	0	0	0	0	0	0
ENSG00000167034_cnv.panel	0	0	0	0	0	0	0	0	0	0	0	0
ENSG00000167258_mut.panel	0	0	0	0	0	0	0	0	0	0	0	0
ENSG00000167522_mut.panel	0	0	0	0.51629039400205	0	0	0	0	0	0	0	0
ENSG00000168036_mut.panel	0	0	0	0	0	0	0	0	7.86267481292696	0	0	0
ENSG00000168298_mut.panel	0	0	0	0	0	0	0	0	0	0	0	0
ENSG00000168646_mut.panel	0	0	0	0	0	0	0	0	0	0	0	0
ENSG00000168685_cnv.panel	0	0	0	0	0	0	0	0	0	0	0	0
ENSG00000169047_mut.panel	0	0	0	0	0	0	0	0	3.64053140309366	0	0	0
ENSG00000169083_cnv.panel	0	0	0	0	0	0	0	0	0	0	0	8.39647083719334
ENSG00000169083_mut.panel	0	0	0	0	0	0	0	0	0	0	0	23.1199993825792
ENSG00000169093_cnv.panel	0	0	0	0	0	0	0	0	0	0	0	0
ENSG00000169093_mut.panel	0	0	0	0	0	0	0	0	0	0	0	0
ENSG00000169249_cnv.panel	0	0	0	0	0	0	0	0	8.4302568126114	0	0	0
ENSG00000169249_mut.panel	0	0	0	0	0	0	0	0	0	0	0	0
ENSG00000169696_mut.panel	0	0	0	0	0	0	0	0	0	0	0	0
ENSG00000170581_mut.panel	0	0	0	0	0	0	0	0	0	0	0	0
ENSG00000170759_cnv.panel	0	0	0	0	0	0	0	0	0	0	0	0
ENSG00000170791_cnv.panel	0	0	0	0	0	0	0	0	0	0	0	0
ENSG00000170836_mut.panel	0	0	0	0	32.500057816476	0	0	0	0	0	0	7.71617965151906
ENSG00000171320_cnv.panel	0	0	0	0	0	0	0	0	0	0	0	0
ENSG00000171456_mut.panel	0	0	0	0	35.2456635995279	0	0	0	18.2545309723519	0	0	0
ENSG00000171843_cnv.panel	0	0	0	0	0	0	0	0	0	0	0	0
ENSG00000171843_mut.panel	0	0	0	0	0	0	0	0	0	0	0	0
ENSG00000171862_cnv.panel	0	0	0	0	0	0	0	0	0	0	0	0
ENSG00000171862_mut.panel	0	0	0	27.4919183016768	0	0	0	0	0	0	0	0
ENSG00000171940_mut.panel	0	0	0	0	0	0	0	0	0	0	0	0
ENSG00000172716_mut.panel	0	63.6735118443579	0	35.6333803809949	0	0	0	0	0	0	0	0
ENSG00000173531_mut.panel	0	0	0	48.4145592959855	0	0	0	0	0	0	0	0
ENSG00000173575_mut.panel	0	0	0	0	34.6539192953105	0	0	0	25.151526527482	0	0	0
ENSG00000173599_mut.panel	0	0	0	0	0	0	0	0	0	0	0	0
ENSG00000173674_cnv.panel	0	0	0	0	0	0	0	0	0	0	0	0
ENSG00000173821_mut.panel	0	0	0	1.0779163534726	15.3693896651129	0	0	0	0	0	0	0
ENSG00000175054_mut.panel	0	0	0	10.0462824983834	0	0	0	0	0	0	0	0
ENSG00000175354_mut.panel	0	0	0	0	0	0	0	0	0	0	0	0
ENSG00000175387_mut.panel	0	0	0	0	0	0	0	0	0	0	0	0
ENSG00000177084_mut.panel	0	0	0	32.1427278176816	0	0	0	0	0	0	0	0
ENSG00000177614_mut.panel	0	0	0	0	0	0	0	0	0	0	0	0
ENSG00000178104_cnv.panel	0	0	0	0	0	0	0	0	0	0	0	0
ENSG00000178104_mut.panel	0	0	0	50.8628464569443	47.1788973535559	0	0	0	0	0	0	0
ENSG00000178105_mut.panel	0	0	0	0	7.9090745277721	0	0	0	0	0	0	0
ENSG00000179094_mut.panel	0	0	0	0	0	0	0	0	0	0	25.0666740309544	0
ENSG00000179222_cnv.panel	0	0	0	0	0	0	0	0	0	0	0	0
ENSG00000181555_mut.panel	0	22.2378874075569	0	32.5606596382887	49.1444558749825	0	0	0	0	0	0	0
ENSG00000181690_cnv.panel	0	0	0	0	0	0	0	0	0	0	0	0
ENSG00000182158_cnv.panel	0	0	0	0	0	0	0	0	0	0	0	0
ENSG00000182162_cnv.panel	0	0	0	0	0	0	0	0	0	0	0	0
ENSG00000182162_mut.panel	0	0	0	0	0	0	0	0	0	0	0	0
ENSG00000182197_cnv.panel	0	0	0	0.470616886327771	0	0	0	0	0	0	0	0
ENSG00000182872_cnv.panel	0	0	0	0	0	0	0	0	0	0	0	0
ENSG00000182872_mut.panel	0	0	0	0	0	0	0	0	0	0	0	0.822939316782797
ENSG00000182944_mut.panel	0	0	0	0	0	0	0	0	0	0	0	0
ENSG00000183337_cnv.panel	0	0	0	0	0	0	0	0	0	0	0	0
ENSG00000183337_mut.panel	0	0	0	0	6.47760110721682	0	0	0	0	0	0	0
ENSG00000183495_mut.panel	25.2416013880175	8.48993055229462	0	9.14524235097012	0	0	0	0	0	0	0	48.4659566264544
ENSG00000183579_mut.panel	0	0	0	0	4.54477361217382	0	0	0	11.4270757750027	0	0	0
ENSG00000183765_mut.panel	0	0	0	19.8846760084776	0	0	0	0	0	0	32.1442694639418	0
ENSG00000183770_mut.panel	0	0	0	0	0	0	0	0	0	100	0	0
ENSG00000183779_cnv.panel	0	0	0	0	0	0	0	0	0	0	0	0
ENSG00000183779_mut.panel	0	0	0	0	10.6522455087585	0	0	0	0	0	0	0
ENSG00000183918_cnv.panel	0	0	0	0	0	0	0	0	0	0	0	0
ENSG00000184012_mut.panel	0	0	0	0	0	0	0	0	0	0	0	0
ENSG00000184384_mut.panel	0	0	0	0	11.7617283380898	0	0	0	0	0	0	0
ENSG00000184481_cnv.panel	0	0	0	0	0	0	0	0	0	0	0	8.2468601584166
ENSG00000184634_cnv.panel	0	0	0	0	0	0	0	0	0	0	0	8.10324625609708
ENSG00000184634_mut.panel	67.4787603720539	0	0	18.7712970513275	0	0	0	0	0	0	0	49.5398091182274
ENSG00000185420_cnv.panel	0	0	0	0	0	0	0	0	0	0	0	0
ENSG00000185499_mut.panel	0	0	0	21.0299806127865	16.0742416126211	0	0	0	0	0	0	0
ENSG00000185950_cnv.panel	0	0	0	0	0	0	0	0	0	0	0	0
ENSG00000185950_mut.panel	0	0	0	12.2499714713671	20.6238698717725	0	0	0	0	0	0	0
ENSG00000186174_mut.panel	0	0	0	0	0	0	0	0	0	0	0	0
ENSG00000186472_mut.panel	0	0	0	71.2654137605625	0	0	0	0	0	0	0	0
ENSG00000186575_mut.panel	0	0	0	0	8.25550654215774	0	0	0	0	0	0	0
ENSG00000186716_mut.panel	0	0	0	0	19.748022841048	0	0	0	0	0	0	0
ENSG00000187605_mut.panel	0	0	0	0	0	0	0	0	0	0	0	0
ENSG00000187735_cnv.panel	0	0	0	0	0	0	0	0	0	0	0	0
ENSG00000187741_mut.panel	0	0	0	0	0	0	0	0	0	0	0	0
ENSG00000188375_cnv.panel	0	0	0	0	0	0	0	0	0	0	0	0
ENSG00000188827_mut.panel	0	0	0	0	0	0	0	0	0	0	0	0
ENSG00000189079_mut.panel	0	0	0	0	0	0	0	0	0	0	0	0
ENSG00000189283_cnv.panel	0	0	0	49.1495507595291	100	0	100	0	0	0	0	0
ENSG00000196367_mut.panel	0	0	0	0	0	0	0	0	0	0	0	14.8394950354855
ENSG00000196411_mut.panel	0	0	0	0	0	0	0	0	0	0	0	0
ENSG00000196498_mut.panel	0	0	0	11.8323709730728	10.998457583526	0	0	0	0	0	0	0
ENSG00000196535_mut.panel	0	0	0	0	0	0	0	0	0	0	0	0
ENSG00000196584_cnv.panel	0	0	0	0	0	0	0	0	0	0	0	0
ENSG00000196712_mut.panel	0	0	0	0	11.3060473082439	0	0	0	0	0	0	0
ENSG00000196781_mut.panel	0	0	0	0	0	0	0	0	0	0	0	0
ENSG00000196843_cnv.panel	0	0	0	0	0	0	0	0	0	0	0	0
ENSG00000197157_mut.panel	0	0	0	0	0	0	0	0	0	0	0	0
ENSG00000197323_mut.panel	0	0	0	13.3839134545635	0	0	0	0	0	0	0	0
ENSG00000197535_cnv.panel	0	0	0	0	0	0	0	0	0	0	0	0
ENSG00000197535_mut.panel	0	0	0	0	0	0	0	0	0	0	0	0
ENSG00000197646_cnv.panel	0	0	0	0	0	0	0	0	0	0	0	0
ENSG00000197993_cnv.panel	0	0	0	0	0	0	0	0	0	0	0	0
ENSG00000198795_cnv.panel	0	0	0	0	0	0	0	0	0	0	0	0
ENSG00000204842_mut.panel	0	0	0	0	10.476335431711	0	0	0	0	0	0	0
ENSG00000204843_mut.panel	0	0	0	0	0	0	0	0	0	0	0	0
ENSG00000205755_cnv.panel	0	0	0	0	0	0	0	0	0	0	0	0
ENSG00000206073_mut.panel	32.6684285098371	0	0	0	0	0	0	0	0	0	0	0
ENSG00000213190_cnv.panel	0	0	0	0	0	0	0	0	0	0	0	0
ENSG00000213281_mut.panel	0	0	0	0	0	0	0	0	0	0	0	0
ENSG00000214827_cnv.panel	0	0	0	0	0	0	0	0	0	0	0	0
ENSG00000215301_cnv.panel	0	0	0	0	0	0	0	0	0	0	0	0
ENSG00000215301_mut.panel	0	0	0	0	0	0	0	0	0	0	0	0
ENSG00000221914_cnv.panel	0	0	0	0	0	0	0	0	0	0	0	0
ENSG00000223496_mut.panel	0	0	0	0	0	0	0	0	0	0	0	0
ENSG00000241476_cnv.panel	0	0	0	0	0	0	0	0	0	0	0	0
ENSG00000245848_cnv.panel	0	0	0	0	0	0	0	0	0	0	0	0
ENSG00000253729_cnv.panel	0	0	0	0	0	0	0	0	0	0	0	0
ENSG00000253729_mut.panel	0	0	0	0.0528174345991652	15.5697175560651	0	0	0	0	0	0	0
ENSG00000254087_cnv.panel	0	0	0	0	0	0	0	0	0	0	0	0
ENSG00000257335_cnv.panel	0	0	0	0	0	0	0	0	0	0	0	0
ENSG00000257923_mut.panel	0	0	0	0	0	0	0	0	0	0	0	0
ENSG00000258366_mut.panel	0	0	0	0	0	0	0	0	0	0	0	0
ENSG00000258590_cnv.panel	0	0	0	28.6279522687945	11.9877058598022	0	0	0	0	0	0	0
ENSG00000268009_cnv.panel	0	0	0	0	0	0	0	0	0	0	0	0
ENSG00000270141_cnv.panel	0	0	0	0	0	0	0	0	0	0	0	0
ENSG00000275023_mut.panel	0	0	0	0	0	0	0	0	0	0	0	0
Endothelial_cells_gex	0	0	0	1.42931912432205	3.1889346187908	0	0	0	57.7393495889801	0	0	0
Eosinophils_gex	0	0	0	2.57824440558056	37.9715972168309	0	0	0	0	0	0	0
Epithelial_cells_gex	0	0	0	71.1722734223584	38.7867879582642	0	0	0	0	0	0	0
Erythrocytes_gex	0	0	0	0	0	0	0	0	0	0	0	0
Fibroblasts_gex	0	0	0	0	0	0	0	0	0	0	0	0
GMP_gex	0	46.7674193291125	0	0	0	0	0	0	0	0	0	0
HALLMARK_ADIPOGENESIS_gex	0	0	0	0.445336088644533	4.98423683235786	0	0	0	0	0	0	35.2979862890941
HALLMARK_ALLOGRAFT_REJECTION_gex	0	0	0	7.45236121218316	8.87617478362089	0	0	0	0	0	0	0
HALLMARK_ANDROGEN_RESPONSE_gex	0	0	0	12.2989841804055	0	0	0	0	0	0	0	0
HALLMARK_ANGIOGENESIS_gex	56.4229759681429	0	0	24.4306354753552	0	0	0	0	0	0	0	0
HALLMARK_APICAL_JUNCTION_gex	0	0	0	28.9808975261252	0	0	0	0	0	0	0	0
HALLMARK_APICAL_SURFACE_gex	0	0	0	0.493892320721952	43.4315408386255	0	5.09021942298619	0	0	0	0	0
HALLMARK_APOPTOSIS_gex	0	0	0	0	0	0	0	0	0	0	0	0
HALLMARK_BILE_ACID_METABOLISM_gex	0	0	0	0	0	0	0	0	0	0	0	1.15205379870116
HALLMARK_CHOLESTEROL_HOMEOSTASIS_gex	0	0	0	0	0	0	0	0	0	0	0	0
HALLMARK_COAGULATION_gex	0	0	0	0	0	0	0	0	0	0	0	0
HALLMARK_COMPLEMENT_gex	0	0	0	0.0639353200999169	0	0	0	0	0	0	0	0
HALLMARK_DNA_REPAIR_gex	0	0	6.98434263924806	11.7024067815568	0	0	0	40.8725015417731	0	0	0	29.3325738768595
HALLMARK_E2F_TARGETS_gex	0	0	0	0	0	0	0	0	0	0	0	0
HALLMARK_EPITHELIAL_MESENCHYMAL_TRANSITION_gex	0	0	0	0	0	0	0	0	0	0	0	0
HALLMARK_ESTROGEN_RESPONSE_EARLY_gex	5.32493767485237	0	0	22.3460515141395	0	0	0	0	0	0	0	2.76253364883327
HALLMARK_ESTROGEN_RESPONSE_LATE_gex	0	0	0	22.9369042210648	0	0	0	11.5406592147025	0	0	0	0.307136963471824
HALLMARK_FATTY_ACID_METABOLISM_gex	0	0	0	0	0	0	0	0	0	0	0	0
HALLMARK_G2M_CHECKPOINT_gex	0	0	0	0	0	0	0	0	10.8351331618224	0	0	0
HALLMARK_GLYCOLYSIS_gex	0	2.93709552487071	0	0	0	0	0	0	0	0	0	0
HALLMARK_HEDGEHOG_SIGNALING_gex	0	0	0	0	0	0	0	0	0	0	0	0
HALLMARK_HEME_METABOLISM_gex	0	0	0	7.35034461535798	0	0	0	0	0	0	0	18.8288052598063
HALLMARK_HYPOXIA_gex	0	0	0	0	0	0	0	0	0	0	0	0
HALLMARK_IL2_STAT5_SIGNALING_gex	0	40.1370479161521	0	0	0	0	0	0	0	0	0	0
HALLMARK_IL6_JAK_STAT3_SIGNALING_gex	0	0	0	41.6630747485199	1.22844567553446	0	0	0	0	0	0	0
HALLMARK_INFLAMMATORY_RESPONSE_gex	0	0	0	14.7814522921112	12.4991557341904	0	0	0	0	0	0	0
HALLMARK_INTERFERON_ALPHA_RESPONSE_gex	0	0	0	1.10983054408512	0	0	0	0	0	0	0	0
HALLMARK_INTERFERON_GAMMA_RESPONSE_gex	0	0	0	17.3452911459249	0	0	0	0	0	0	0	0
HALLMARK_KRAS_SIGNALING_DN_gex	56.4951116464659	0	0	0	0	0	0	0	0	0	0	0
HALLMARK_KRAS_SIGNALING_UP_gex	0	0	0	17.3880309746931	0	0	0	0	0	0	0	0
HALLMARK_MITOTIC_SPINDLE_gex	0	0	0	2.6443160100162	0	0	0	0	0	0	0	0
HALLMARK_MTORC1_SIGNALING_gex	0	0	0	0	16.8096953908577	0	0	0	0	0	0	0
HALLMARK_MYC_TARGETS_V1_gex	0	34.994199473866	0	0	3.04427977514741	0	0	0	0	0	0	0
HALLMARK_MYC_TARGETS_V2_gex	0	0	0	0	6.35822788126427	0	0	0	0	0	0	0
HALLMARK_MYOGENESIS_gex	0	0	0	0	0	0	0	0	0	0	0	0
HALLMARK_NOTCH_SIGNALING_gex	0	0	0	4.67700342326247	44.6430215106656	0	0	0	0	0	0	0
HALLMARK_OXIDATIVE_PHOSPHORYLATION_gex	0	0	0	5.0950201355375	36.3535228091859	0	0	0	0	0	0	0
HALLMARK_P53_PATHWAY_gex	0	0	0	16.1764553053462	0	0	0	0	0	0	0	14.108449293816
HALLMARK_PANCREAS_BETA_CELLS_gex	0	0	0	0	0	0	0	0	0	0	0	0
HALLMARK_PEROXISOME_gex	0	0	0	0	0	0	0	0	0	0	0	0
HALLMARK_PI3K_AKT_MTOR_SIGNALING_gex	0	0	0	0	21.9535473272664	0	0	0	0	0	0	0
HALLMARK_PROTEIN_SECRETION_gex	0	0	0	0	0	0	0	0	0	0	0	0
HALLMARK_REACTIVE_OXYGEN_SPECIES_PATHWAY_gex	0	0	0	15.051849143036	19.4153953269873	0	0	0	0	0	0	0
HALLMARK_SPERMATOGENESIS_gex	0	0	0	0	0	0	0	0	0	0	0	0
HALLMARK_TGF_BETA_SIGNALING_gex	0	0	0	0	0	0	0	0	0	0	0	0
HALLMARK_TNFA_SIGNALING_VIA_NFKB_gex	0	0	0	0	0	0	0	0	0	0	0	0
HALLMARK_UNFOLDED_PROTEIN_RESPONSE_gex	74.4827688867364	0	0	0	0	0	0	0	0	0	0	0
HALLMARK_UV_RESPONSE_DN_gex	0	0	0	0	0	0	0	0	9.94990656141932	0	0	0
HALLMARK_UV_RESPONSE_UP_gex	0	0	0	0	15.8703662015581	0	0	0	0	0	0	0
HALLMARK_WNT_BETA_CATENIN_SIGNALING_gex	0	0	0	0	17.080936084289	0	0	0	0	0	0	0
HALLMARK_XENOBIOTIC_METABOLISM_gex	0	0	0	0	0	0	0	0	0	0	0	0
HSC_gex	0	6.73087712779127	0	0	0	0	0	0	0	0	0	16.780744417175
Hepatocytes_gex	0	0	0	0	0	0	0	0	0	0	0	0
Keratinocytes_gex	0	0	0	56.1983232479617	17.8504839362534	0	0	0	0	0	0	0
MEP_gex	0	0	0	0	33.5844653122028	0	0	0	0	0	0	0
MPP_gex	0	0	0	4.30250483573348	10.1813464975664	0	0	0	0	0	0	0
MSC_gex	0	0	0	53.6014265979244	84.9162972447148	0	0	0	0	0	0	42.6603628845482
Macrophages_M1_gex	0	0	0	0	0	0	0	0	0	0	0	0
Macrophages_M2_gex	0	0	0	0	0	0	0	0	0	0	0	0
Macrophages_gex	0	0	0	0	15.5557258450687	0	0	0	0	0	0	0
Mast_cells_gex	0	0	0	27.6361899138296	14.431385585578	0	0	0	0	0	0	0
Megakaryocytes_gex	0	0	0	8.40426560258897	13.5865254609664	0	0	0	0	0	0	0
Melanocytes_gex	0	0	0	0	0	0	0	0	0	0	0	0
Memory_B_cells_gex	0	0	0	0	5.14214045289507	0	0	0	0	0	0	0
Mesangial_cells_gex	0	0	0	56.0168545203821	0	0	0	0	95.4713266294437	0	0	21.0722865796419
Monocytes_gex	0	0	0	0	0	0	0	0	0	0	0	0
Myocytes_gex	0	0	0	0	0	0	0	0	0	0	0	0
NKT_gex	58.8126149079526	0	0	100	16.0194212077629	0	0	0	0	0	0	0
NK_cells_gex	0	51.3979820778628	0	15.4915648521698	18.6721314652296	0	0	0	0	0	0	0
Neurons_gex	0	0	0	0	0	0	0	0	0	0	0	0
Neutrophils_gex	0	0	0	0	0	0	0	0	0	0	0	0
Osteoblast_gex	88.3146714465414	0	0	0	0	0	0	0	0	0	0	0
Pericytes_gex	0	0	0	0	0	0	0	0	0	0	0	0
Plasma_cells_gex	0	0	0	0	10.1998983730197	0	0	0	39.7767240734142	0	0	0
Platelets_gex	0	0	0	19.7898970266695	0	0	0	0	0	0	0.620137678690549	0
Preadipocytes_gex	0	0	0	0	3.16917454007072	0	0	0	0	0	0	0
Sebocytes_gex	0	0	0	51.3015122713771	43.792606161071	0	0	0	0	0	0	0
Skeletal_muscle_gex	0	0	0	36.2221279841283	11.6047672957308	0	0	0	0	0	0	34.2778578748644
Smooth_muscle_gex	0	0	0	0	2.7769618239227	0	0	0	0	0	0	0
Tgd_cells_gex	0	55.7279039159954	0	52.2933538226016	0	10.020848190126	0	0	0	0	0	0
Th1_cells_gex	0	0	0	0	4.09820072995124	0	0	0	0	0	0	0
Th2_cells_gex	0	0	0	0	57.1835825604654	0	0	0	0	0	0	0
Tregs_gex	0	0	0	9.90180347783746	0	0	0	0	24.1506935131105	0	0	0
aDC_gex	0	0	0	0	0	0	0	0	0	0	0	0
cDC_gex	0	0	0	0	0	0	0	0	25.662127425524	0	0	0
iDC_gex	0	0	0	8.13894742924748	20.4752281524526	0	0	0	0	0	0	0
ly_Endothelial_cells_gex	0	0	0	25.4549420380815	0	0	0	0	0	0	0	0
mv_Endothelial_cells_gex	0	0	0	0	0	0	0	0	0	0	0	0
naive_B_cells_gex	0	0	0	0	0	0	0	0	0	0	0	0
pDC_gex	0	0	0	5.0433593301218	11.7216527031879	0	0	0	0	0	0	0
pro_B_cells_gex	0	0	0	0	0	0	0	0	0	0	0	0
