feature	A-674563	Abt-737	Afatinib	Alisertib	Alvocidib	AT-7519	Axitinib	Azd-1480	Barasertib	Bay 11-7085	BMS-345541 free base	Bortezomib	Bosutinib	Cabozantinib	Canertinib	Cediranib	Chir-99021	CI-1040	Crenolanib	Crizotinib	Dactolisib	Dasatinib	DBZ	Doramapimod	Dovitinib	Elesclomol	Erlotinib	Foretinib	GDC-0879	Gefitinib	GSK-1838705A	GSK-1904529A	Gsk-690693	GW-2580	Ibrutinib	Idelalisib	Imatinib	JNJ-28312141 free base	JNJ-7706621	JNJ38877605	JQ1 compound	KI20227	KU-55933	KW-2449	Lapatinib	Lenvatinib	Linifanib	Masitinib	Met Kinase Inhibitor	MGCD-265 analog	Midostaurin	MK-2206	MLN120B	MLN8054	Momelotinib	Motesanib	Neflamapimod	Neratinib	NF-kB Activation Inhibitor	Nilotinib	Nintedanib	NSC 74859	Nutlin-3	NVP-ADW742	Nvp-tae 684	Pazopanib	PD173955	Pelitinib	Pha-665752	PHT-427	PI-103	Pictilisib	Ponatinib	PP242	PRT062607	Pyridone 6	Quizartinib	Raf265(chir-265)	Regorafenib	Ruboxistaurin	Ruxolitinib	Sapanisertib	Saracatinib	SB-431542	Seliciclib	Selumetinib	Sepantronium bromide	Sgx-523	Sirolimus	SNS-032	Sorafenib	STO609	Sunitinib	Tanespimycin	TG-100-115	Tivozanib	Tofacitinib	Tozasertib	Trametinib	Vandetanib	Vatalanib	Vemurafenib	Venetoclax	Vismodegib	Volasertib	XAV-939
ASXL1_mut.panel	0	0	0	25.3520855996007	0	0.270798304025222	31.2780225608948	62.2509064759218	51.8443888403254	0	1.53077454876627	0	53.3902498473321	39.6244477809057	2.65757529757771	0	16.2062029439136	0	0	28.3663119061187	0	0	94.0721142839223	0	0	0	0	49.590579297128	17.9220981032904	3.10212117938333	0	13.873179074295	32.6625134171872	5.50781229561806	7.65562667415933	36.8440436110518	13.5233631761865	0	0	10.8750790185298	32.0418851377751	0	14.1822025071049	0	0	9.47721943752397	0	72.097406210561	0	0	3.66351566159386	0	0	30.3304638408459	0	0	0.489829877535676	0	0	0	28.2914515617566	0	0	0	46.2606598401278	19.6456055268408	0	0	39.2844086573356	24.6092274214113	63.7844729068077	27.9325089262179	0	21.5411388959273	37.6855726499899	24.1450839954785	35.4198694243241	0	15.8555396088424	8.55586103798258	0	50.5213495828081	0	12.1620523307366	0	0	0	20.1402393102651	0	3.17275427319154	0	0	2.50313704383603	8.43853633488107	0	11.2349494913727	0	0	0	0	6.24201935154067	0	21.3332005661393	0	0	0
Adipocytes_gex	0	0	4.54552945741046	0	0	41.946890285955	0	0	0	0	8.18095929330081	0	44.5228420986444	0	0	32.0754533079917	9.8373103055432	13.1030851077284	0	0	0	0	0	2.46759770599565	0	0	0	46.8953879680453	0	0	0	0	4.26870391213941	4.08881859022152	1.02749066266064	0	40.6566138529177	9.79044214354719	0	0	60.9998275440659	8.95601419426163	33.1436322433122	0	0	0	0	0	0	34.3947563149336	0	0	0	0	0	13.0189245294555	0	36.5266867842932	0	0	0	0	0	0	0	30.8658389517777	0	0	0	19.1497093723167	35.289983012464	0	0	32.668421458912	0	0	7.27510781088519	0	0.731723812826622	11.0905424990746	0	65.2146444763927	5.38946719334876	0	0	0	0	4.13897527837606	18.5525798934651	0	0	0	0	13.3817286558478	6.06707163190689	0	0	0	0	0	0	0	0	0	0	77.9680012489994
Astrocytes_gex	0	0	0	0	0	0	0	0	0	0	0	0	0	0	0	0	0	0	0	0	0	0	0	0	0	0	0	7.24230602432079	0	0	22.27792997072	0	0	0	0	41.6693860794467	0	0	0	26.9363372125661	9.55197596668886	0	0	0	0	0	0	0	0	0	0	4.67864367190849	0	0	0	0	0	0	0	0	0	0	0	0	0	0	0	0	0	0	0	0	0	0	0	0	0	0	0	0	0	0	0	0	0	0	0	0	39.0661847791453	0	0	0	0	0	0	0	0	0	0	0	0	0	0	0	0	0
BCOR_mut.panel	0	29.3104816619249	0	31.0479665735584	6.31298080920994	0	0	0	0	0	0	0	0	0	0	16.2946917307644	0	0	0	0	0	0	0	0	0	56.2186949097006	15.9394700076765	4.59317030050537	0	0	0	0	22.7293158704864	0	0	21.0288824582918	0	0	4.48639623851777	22.4912877804151	63.6637961749098	0	0	0	0	0	0	0.146664779180838	0	6.97446563184206	10.182997604839	21.07069861713	0	0	0	0	12.1580162231302	0	0	0	0	3.69300592508445	0	0	0	0	12.8159551649394	19.2795104033512	0	0	0	56.2448758816683	6.75644348484799	0	0	30.2952737872851	0	79.4985649781482	0	0	0	46.5840529336312	14.4691353827486	0	0	0	0	6.96482834906823	0	0	0	0	0	0	0	0	0	0	0	0	0.71358362321099	0	0	0	60.1552066109399	100
B_cells_gex	0	0	0	0	0	0	0	0	0	0	0	0	0	0	0	0	0	0	0	0	0	16.6453785595636	0	0	0	0	0	0	0	0	0	0	0	27.802749759512	0	0	0	0	0	0	0	0	0	0	0	0	0	0	0	0	0	0	90.0562876829819	0	0	0	0	0	0	0	0	0	0	0	0	0	0	0	0	0	0	0	0	0	0	0	0	0	0	0	13.5398222219422	0	0	7.50952689940772	0	0	0	0	0	100	0	0	0	0	0	7.88537317862677	0	0	0	0	0	0	0	0	0	0
Basophils_gex	0	0	0	0	0	0	0	41.1024791885238	0	0	0	0	0	0	0	18.464711149919	0	0	0	0	0	0	0	0	0	0	0	21.9133341947594	0	0	0	0	0	0	0	0	0	0	0	100	66.7978104493316	0	0	0	0	66.9689935798085	0	0	0	0	0	0	0	0	0	0	0	0	0	0	0	0	0	0	0	0	0	7.44443976057867	0	0	0	0	0	0	0	0	0	0	0	0	0	2.55175901702759	26.3201185793696	0	52.6285207791968	0	0	0	0	0	0	17.0985913631923	0	24.8190818775081	0	0	35.8824939790565	0	0	0	0	0	3.31768603478382	0	0	0
CD4_T_cells_gex	0	0	0	0	0	0	0	0	0	0	0	5.44714036387479	0	0	0	0	0	0	0	0	0	0	0	0	1.48923110017205	0	0	24.2419603122338	0	0	0	0	0	0	0	0	0	0	0	0	0	0	0	0	0	0	0	0	0.727016828785965	0	0	0	0	0	0	0	0	0	0	0	0	0	0	40.9761632059248	0	0	0	0	0	0	0	0	0	0	0	0	0	0.877433170593475	0	0	0	0	0	0	0	0	0	0	0	0	0	0	0	0	0	0	0	0	0	0	0	0	0	0	0	0
CD4_Tcm_gex	0	0	0.0532237125075961	0	0	0	0	0	0	0	36.9801444136628	0	0	0	0	7.70847727479673	0	0	0	0	0	0	0	0	0	0	0	21.0139677576833	0	0	0	0	0	0	0	0	0	0	0	0	0	0	0	10.2572574840718	0	0	0	0	0	0	0	0	0	0	0	0.334576408331251	0	0	0	0	0	0	0	0	0	0	0	0	38.2335449167506	0	0	0	0	0	0	0	0	0	0	0	0	0	0	0	0	0	0	0	0	0	0	0	0	10.4451528030191	0	0	0	0	0	0	0	0	0	0	0	0
CD4_Tem_gex	0	0	0	60.9445292095963	0	0	0	0	0	0	0	0	0	0	0	0	0	0	0	0	1.00071383217415	0	0	0.62948115668695	0	0	0	0	0	19.8671777062556	0	0	0	0	0	0	0	0	0	0	0	0	0	0	0	0	0	0	0	0	0	0	0	26.5845947470629	0	0	0	0	0	0	0	0	0	0	0	0	0	0	0	16.6826472319763	0	0	0	0	0	0	0	0	0	0	0	0	0	0	0	0	0	0	0	0	0	0	0	0	0	0	0	0	0	0	0	0	0	0	0	0
CD4_memory_T_cells_gex	0	33.1162347311066	0	0	0	0	0	0	0	0	0	0	0	0	0	0	0	0	0	0	0	0	0	0	0	0	0	0	0	0	0	0	0	0	0	0	0	0	0	0	28.7812012341029	0	0	0	0	0	0	0	0	0	0	0	0	0	0	0	0	0	0	0	0	0	0	0	0	0	14.7295233810416	0	0	0	0	0	0	0	0	0	0	0	0	0	0	0	0	0	0	0	0	0	0	0	0	0	0	0	47.8973290054543	0	0	0	0	0	0	0	0	0	0	0
CD4_naive_T_cells_gex	0	0	0	0	0	0	0	0	0	0	0	0	0	0	0	0	69.5552015425069	0	0	11.5654925286758	0	0	0	0	0	0	0	0	0	0	0	0	0	0	0	0	0	0	0	0	0	0	0	0	0	0	0	0	13.4583161885516	0	0	0	0	0	0	0	0	0	0	0	0	0.432622731870989	0	0	8.2338299966739	0	0	0	0	0	0	0	0	0	0	0	0	22.8162437762975	0	0	0	0	0	0	0	0	0	0	0	0	0	27.7843322244629	0	0	13.606636449516	0	0	0	0	0	0	0	0	0	0	0
CD8_T_cells_gex	0	100	0	0	0	0	0	0	0	0	0	14.3394997812628	0	0	0	0	0	0	0	0	0	0	0	0	0	0	0	0	0	0	0	19.3730264430631	0	7.53473204683624	0	0	0	0	0	0	45.2247440331776	0	0	0	0	0	0	0	0	0	0	0	0	0	0	0	0	0	0	0	0	55.3370080147386	0	40.7956487035905	0	0	0	21.7130851457359	0	0	0	0	0	0	0	2.79550186792124	0	0	0	0	0	17.4132498223556	23.9807749942962	0	0	0	0.943402759297264	0	0	0	0	0	0	0	0	0	0	0	0	0	28.4386775434644	0	0	0	0	0
CD8_Tcm_gex	0	0	0	0	0	0	0	0	0	0	0	27.7945689544012	0	0.239987327922873	0	0.0694574911980471	0	0	0	0	0	0	0	0	0	0	0	0	0	0	0	0	0	0	0	1.83086018364412	0	0	0	0	14.1869875296903	6.9633664881008	27.1304501361546	33.8021874124898	0	0	0	0	0	0	0	0	0	0	0.992436453578362	0	0	0	0	0	0	0	0	0	0	0	0	0	0.530191952025675	0	0	0	0	0	0	0	0	0	0	0	0	0	0	0	0	0	0	0	0	0	0	0	0	0	0	0	0	38.6188349539288	0	0	0	0	0	0	0	7.5063697621427
CD8_Tem_gex	0.691338025929956	0	0	0	0	0	0	0	0	0	0	0	0	0	29.8237204775752	0	0	0	0	0	0	0	0	0	0	0	0	0	0	0	0	11.5880261501269	0	0	0	0	0	0	0	0	0	0	0	0	0	0	0	0	0	0	0	19.1563503893711	0	0	0	0	0	0	0	2.1304680334422	0	0	0	0	0	0	0	0	0	0	0	0	45.7206212496385	0	0	0	0	0	0	0	0	0	0	19.952438706835	0	0	0	0	0	0	0	0	0	0	0	0	67.6703499542976	0	0	0	0	0	0	0	0	0
CD8_naive_T_cells_gex	0	0	0	0	0	0	0	19.5081475073755	0	0	0	0	0	0	0	0	0	0	15.8486364383824	0	0	0	0	0	0	0	0	82.3781732447396	0	0	0	0	0	0	0	0	100	8.76241170828045	0	0	56.1472505316239	0	0	0	8.20653686922674	0	27.1618133947307	80.4206233102112	0	19.7281491691854	0	0	0	0	0	0	0	0	0	7.0440809895883	0	0	0	0	0	0	0	0	0	0	0	0	66.9895233337787	0	0	0	0	0	4.26546620482775	0	10.771711236294	11.480941377272	0	0	0	0	0	0	0	25.7428148494074	0	0	0	0.803328745372013	0	0	0	0	0	0	12.6153452098234	0	0	0	0	0
CEBPA_mut.panel	0	0	0	0	0	0	28.7996763633044	46.9310533527486	0	0	0	0	4.16935813575883	0	0	0	0	0	4.51391310338481	0	10.2225060415249	81.0598006091462	0	0	35.4360215617406	0	0	18.5612611335809	0.205601822668707	0	0	0	29.3939586936088	0	0	0	46.4563406172848	9.7014869233759	44.5902233669321	48.4181938374644	1.51419305383412	0	0	0	0	0	0	0	0.420569802043354	39.2039744037505	0	67.0774962817357	0	0	0	0	0	19.1647875798268	0	0	0	0	0	0	28.5209585349876	9.37179852074671	0	0	0	0	23.477952342741	2.64567034299358	41.5105496594293	0	0	0	0	5.7423162745314	0	0	0	15.2362896264398	10.7713483417628	9.15872884810306	0	0	0	0	0	0	0.64805718409742	16.073956363484	0	0	0	29.0793921916409	0	20.9332987961997	0	0	0	0	0	0	0	0
CLP_gex	22.2343671920778	71.7467583775878	0	5.30836117258194	37.5667809831354	0	0	0	0	0	0	17.4805532210132	0	0	0	0	2.87418310146667	0	14.027590996251	0	0	0	0	0	10.7409011609932	72.1969007681642	0	0	0	0	0	0	0	0	0	0	0	0	0	0	25.373652796348	19.675810722272	0	0	0	54.5123222557114	7.98349274773367	0	0	0	21.4092927731755	0	0	0	0	0	0	0	0	0	0	0	0	0	0	0	0	3.71201647495134	0	0	0	0	18.9711216713754	11.4076773232518	0	0	0	0	0	0	0	0	0	0	0	0	0	0.676788077857146	0	0	0	0.304876157121235	0	0	0	0	12.2649483552936	0	7.62472679942801	0	0	0	0	0	0	0
CMP_gex	0	0	0	0	0	0	0	0	0	0	0	0	0	0	0	42.9734630099865	0	49.4142432644675	0	2.44268108883182	0	0	0	6.21249533043598	0	0	0	49.9489967093299	0	35.7627801056473	34.6318436316491	0	0	0	0	0	0	26.6445241508964	0	0.354357775205822	20.4615746417039	0	0	0	0	44.353679137747	0	26.6239999219514	0	8.02132558238171	0	0	53.5806474682439	0	0	0	0	23.299252586881	75.2258066813623	0	0	0	0	0	10.1735858645747	0	0	0	0	0	0	0	0	0	0	0	0	1.31512809657171	0	0	49.6655033180873	0	0	0	0	40.0279177416565	0	0	0	0	0	0	0	0	0	72.0202998002837	0	0	21.0614417512836	30.8173636056991	0	0	0	100	0	0
Chondrocytes_gex	0	0	0	0	0	0	0	0	0	0	0	0	0	0	0	0	0	1.2055793276239	0	0	0	0	0	0	0	76.2953213381807	0	0	0	0	0	0	0	46.938707627282	14.7316361137157	0	0	0	0	0	0	0	0	0	0	0	23.5134403531961	0	0	0	0	70.9933258318368	0	38.7010836476559	0	0	0	0	0	36.7689718614621	0	0	9.72429382231795	0	0	0	0	0	0	65.9966973279172	0	0	0	0	0	0	0	0.480013022334899	0	0	0	0	0	30.3821884441861	0	100	0	0	23.3964201785514	0	3.16729419512186	0	0	13.2006262840917	0	0	0	0	0	12.7679899308371	0	0	0	0	0	19.1839200492053
Class_switched_memory_B_cells_gex	0	24.3836850532903	0	0	0	0	0	0	0	0	0	0	0	0	0	0	54.8809776420628	7.40775635169808	0	0	0	0	0	12.1552492790425	0	0	0.385200235304564	34.5136441725206	0	0	0	0	19.6324799187361	100	0	100	0	0	0	0	19.7712545596452	0	57.705130891538	0	0	0	0	0	0	0	0	0	0	0	0	0	0	0	0	0	0	0	0	0	0	0	60.6058666570996	0	0	0	0	0	0	68.55473467109	0	0	0	2.74374638007063	0	0	0	0	0	34.5258873465146	0	0	0	0	38.3975855170608	0	0	91.9063878250148	0	0	0	17.9475705837856	28.7962945131004	0	0	0	0	0	0	0	0	0
DC_gex	0	0	0	0	0	0	84.4161162902911	0	0	0	0	0	0	0	0	100	0	0	0.542457795266303	0	0	52.7746202327092	0	0	0	0	0	36.4263852179823	0	0	0	0	0	0	0	0	3.04415080525804	0	0	0	0	6.55036225675988	0	0	0	0	0	0	28.931290644389	0	0	0	0	0	42.4118256305449	100	0	0	0	50.0097844982861	0	0	0	0	0	24.5914892281221	0	0	0	0	0	0	0	0	0	88.4827708100633	0	0	0	0	0	0	0	0	0	19.0435480615563	2.22225842240062	0	0	0	0	0	0	49.5229227426289	0	3.37192181448134	0	0	0	0	0	0	0	0	0	0
DNMT3A_mut.panel	0	2.46151026261277	40.2835122193381	1.22968134311798	0	0	22.3253334658414	3.94674037895031	0	0	19.1940868957042	0	76.3507418634226	0	0	14.8615566703971	34.5628170426679	2.35364607625784	0	8.720115368746	0.0234454070526509	0	0	0	0	0	0	50.4095234732097	0.293188242159645	16.6007969960053	0	0	90.1782310921961	25.7767374376323	0	21.1707606474365	33.1365101653289	0	38.5279404937966	32.2187784117288	0	0	39.9412443613581	0	0	0	0	78.9734098801397	12.6087400095285	0	0	0	100	24.0233632317574	6.48565305942064	23.4015371060302	0	100	0	0	17.0558061418318	3.04758031271798	0	0	32.5057581710795	0	0	0	73.2142627423871	15.1767743430762	0	0	0	1.38269292988033	0	21.8880551129366	0	19.6257923440134	0	13.5208881155126	11.0736789434233	53.7706952639186	0	44.4364338294352	0	0.877464564996726	3.35619483552823	5.16579352497115	0	0	0	100	2.36379072363961	0	0	0	32.3970550251614	0	3.72113265026525	12.3866569715168	15.8715188748308	0	0	0	0	4.99031568751099
Endothelial_cells_gex	0	0	0	0	56.2150193222545	0	0	0	0	0	51.3242833433385	0	0	0	48.2268541405874	0.497331092706753	0	0	14.7336935874471	7.77590414417012	0	0	0	0	0	0	0	0	0	0	0	0	0	70.9763267705518	0	0	0	0	0	0	1.88267668232014	0	46.9578964564183	0	30.808628690353	0	15.4436157936112	0	0	0	6.50106838054151	0	0	0	0	28.8121349146282	0	0	13.9875527612954	0	0	35.7750819977028	0	2.08639230309119	0	0	0	0	0	8.15124954521746	0	0	0	0	0	0	0	0	0	0	0	0	0	0	0	0	26.2703733170417	0	0	0	0	61.8346312836042	0	0	0	0	40.8797878357615	0	0	0	0	0	0	0.86901583203014	0	0
Eosinophils_gex	1.95020524926412	0	0	0	0	0	0	0	0	0	0	0	75.0615419450553	0	16.3537583008553	9.04802979435241	33.9250178116498	24.3326067539592	0	0	0	0	0	0	0	0	0	0	0	0	0	0	0	0	0	0	0	0	0	0	0	0	0	0	0	0	0	7.77661736282347	0	12.9965691067802	0	0	0	0	0	0	0	0	0	0	0	0	0	0	0	0	0	34.2762221895859	0	57.0827968833806	0	0	0	0	0	0	0	0	0	0	0	0	0	0	0	74.4288114198247	0	0	0	0	0	0	0	0	0	0	0	0	0	0	1.11974843809022	0	0	0	0	0
Epithelial_cells_gex	0	0	0	0	0	0	0	0	0	0	0	11.6243255926217	0	0	0	0	0	0	0	0	47.9103807131221	0	0	0	0	0	0	25.9972131887965	0	0	0	0	0	0	0	0	0	0	0.763329405607842	0	21.2216396888158	0	0	0	0	0	0	0	0	0	0	0	0	0	0	0	0	0	0	0	0	0	0	0	0	0	0	0	0	0	25.6244265217438	0	0	0	0	0	0	0	0	0	0	0	0	0	0	0	18.6489906144701	0	0	0	0	0	0	0	0	0	0	0	0	0	0	0	0	0	0	0
Erythrocytes_gex	0	0	0	0	0	0	0	0	0	0	0	0	0	0	0	0	0	0	0	0	0	0	0	0	0	0	0	5.4060631683187	0	0	0	3.49536753461397	0	0	0	0	0	0	0	0	32.4108250501516	0	0	0	0	0	39.2252022558102	0	0	0	0	0	0	0	0	0	0	0	0	0	0	0	0	0	0	0	0	0	0	0	0	0	0	0	0	0	8.34084158554605	0	0	3.5951068834447	0	0	0	0	0	0	0	0	0	0	0	0	0	0	0	0	0	0	0	0	0	0	0	0	0	0
FLT3_mut.panel	19.0412288882384	25.7194238080092	18.0649239297185	20.2994419211346	0	79.1291269685186	100	100	100	0	36.0924260686978	4.92529219525269	92.4033901597466	100	100	29.582209739842	9.83407506912656	0	100	24.2018067855523	1.4070403771951	89.5701723604395	0	23.5400281071294	100	0	100	99.7448231442654	8.46402635815749	100	0	1.59095849011608	49.8014179021771	0	48.3412090436566	0	80.323153747579	100	16.2422210651277	0	0	55.2551855711556	0	100	98.8999488202788	74.318260054842	85.6872188675222	100	3.7211821172782	100	100	13.6796705731389	0	51.57407775575	72.0982575216933	73.5565506126356	1.43932971416896	50.9761508487792	0	34.3375375749554	100	0	100	27.7707827581942	100	82.8811571516795	69.7503801050509	100	0	0	76.9560578821102	50.075001613486	100	100	97.7794146916432	19.5199748413866	100	1.4214376689436	100	100	9.33519302924944	100	11.9482340634428	13.2821300144728	66.1554847309	24.091141107503	0	0	0	58.0046827513394	100	0	100	100	0	100	19.7661737323705	53.6441818937008	1.89173665956322	100	0	0	0	0	0	0
Fibroblasts_gex	0	0	0	32.0514846705489	0	0	0	0	9.09320725597157	0	11.0613768262732	0	0	0	0	0	0	0	0	0	0	48.5677212282978	0	5.95270652026222	0	0	0	5.50612129489809	7.9558218726347	0	0	89.9211802277371	35.3719220319203	7.06447477824879	0	0	0	5.59338411864123	0	0	27.9393188395245	0	0	0	0	0	0	0.640715771098044	7.59213219116405	0	0	13.6987460177892	0	0	0	22.6284276313336	0	0	0	0	0	0	0	0	0	25.4556761321479	0	0	9.37247215157944	14.8508429005362	0	0	0	4.91342009371456	0	0	0	40.3431002552158	0	0	0	0	0	0	0	0	0	11.0972987400783	0	0	25.5507857214942	0	0	0	0	0	0	0	0	0	19.7773946890168	0	0	0	0	0
GATA2_mut.panel	0	0	0	0	0	0	0	0	0	0	0	0	0	0	0	0	0	0	0	0	0	0	0	0	0	0	0	0	0	0	0	0	0	0	0	0	0	0	0	0	0	0	0	0	0	23.7300206993611	0	0	0	0	0	0	0	0	0	0	0	0	0	0	0	0	0	0	0	0	0	0	0	0	0	0	0	0	1.11572154775134	0	0	0	0	0	0	0	0	0	0	0	0	0	0	0	0	0	0	0	0	0	0	0	0	0	0	0	0	0	0	0
GMP_gex	0	0	0	24.9726224293241	0	0	54.3109043632834	0	33.2524034329292	0	0	0	0	0	0	0	100	0	0	50.1451314094604	0	0	0	0	0	0	0	0	0	0	0	0	0	0	0	0	0	0	35.4203788057523	0	44.1327252032489	0	0	0	0	0	4.68054612431801	35.4807027013199	21.4136051626493	0	0	0	0	0	0	0	0	0	0	0	0	4.65676564912071	0	0	0	16.5199959757056	0	0	0	0	4.7579906396011	0	0	0	0	15.9830689513049	0	0	0	0	0	0	11.9081428961469	0	0	0	0	0	0	0	0	0	0	0	0	0	0	0	0	0	0	0	0	0	0	0
HALLMARK_ADIPOGENESIS_gex	0	0	0	0	0	0	0	5.69187957215139	0	0	0	0	0	0	0	0	0	0	0	10.674210439462	0	0	18.8742581839857	0	0	0	0	0	23.0644228101653	0	0	0	0	3.64064148126431	0	0	0	0	0	0	6.77997212741793	0	0	0	21.5134492870082	0	0	0	0	0	0	0	0	0	0	0	0	0	0	0	0	0	0	0	0	0	0	0	0	0	0	0	0	0	0	0	0	0	0	1.81694321117342	0	0	0	0	0	0	6.38010535110897	0	0	19.7200624899026	0	39.1174789870907	0	0	0	45.4379669017336	0	0	0	0	0	0	0	0	0	0
HALLMARK_ALLOGRAFT_REJECTION_gex	0	0	0	0	4.60980574309662	0	0	0	0	0	0	0	0	0	0	0	0	0	0	0	0	0	41.4258635986322	0	0	0	0	0	0	0	97.8775145623931	0	0	0	0	0	0	0	0	0	0	0	0	0	0	0	0	0	0	0	0	0	0	0	0	24.699256500577	0	0	0	0	0	0	0	0	0	0	0	0	100	0	0	0	0	0	0	0	0	0	0	0	0	0	0	0	0	32.6525821687406	0	27.789373112231	0	0	0	27.6893919789996	0	0	0	0	0	0	0	0	0	0	0	0	0	0
HALLMARK_ANDROGEN_RESPONSE_gex	100	0	0	0	0	0	0	11.028746695562	0	0	0	0	0	0	0	0	0	0	0	61.6307930206491	0	0	0	0	0	0	0	0	0	1.04213550137046	0	0.260468897137374	0	0	0	0	0	0	0	0	0	0	0	0	0	0	0	0	0	0	0	0	0	0	0	0	18.450372699046	0.359398230903619	0	0	0	0	0.516595743219711	0	14.995611431143	0	7.12974030406103	0	0	0	0	0	0	0	0	0	6.52610833816029	0	0	0	0	0	0	17.8500965510937	44.4434298201208	0	0	0	0	0	0	0	0	0	0	0	0	100	0	5.84429568167006	0	0	0	0	0	0
HALLMARK_ANGIOGENESIS_gex	0.370672705511424	0	0	0	0	0	0	0	0	0	0	0	0	0	0	0	0	0	0	0	0	0	0	0	4.89853611275874	0	24.7783226617332	6.65411469867971	0	0	0	0	0	0	0	0	0	0	19.456300215569	0	11.8010173288011	0	0	0	11.2837737197724	0	0	0	100	0	0	16.0517940353464	0	0	0	0	2.581144857296	0	0	0	0	0	0	0	0	0	0	0	0	0	0	0	0	0	0	0	0	0	0	0	2.07233738759665	0	0	0	0	0	0	0	0	0	0	0	0	0	0	0	0	0	0	0	0	0	0	0	0	0
HALLMARK_APICAL_JUNCTION_gex	28.9798851561345	14.900716318201	0	1.77422848657533	0	0	0	0	0	0	0	0	0	0	0	0	0	0	0	0	0	0	0	0	0	0	0	48.5463596430751	0	0	0	0	0	0	0	0	0	8.93843430763711	0	0	31.4958478265575	0	0.486146311294462	0	0	0	0	0	23.5724541775287	0	0	0	0	0	0	0	0	0	0	0	0	0	0	0	0	0	15.3477379121253	0	0	0	0	0	0	0	0	0.615128703317596	0	0	0	0	0	0	0	17.7454081450018	0	0	0	0	1.11539119066027	0	0	0	0	0	0	3.86821356222471	0	0	0	0	0	0	43.5833597799247	38.2158790342914	0	82.5535910192775
HALLMARK_APICAL_SURFACE_gex	0	0	0	0	0	35.602241995224	0	7.3461828726037	36.0586207276963	0	0	0	0	0	0	4.42594273912781	0	0	0	13.180037314894	0	0	0	0	0.13617308354802	5.96851211346351	0	0	35.4074371211605	0	0.531469188701502	0	0	0	0	0	0	0	21.025600073013	36.264901915455	0	0	0	8.46978908663047	0.0251382930371081	0	0	0	0	0	0	0	15.6266490185466	0	39.4522641580312	0	0	0	30.5607267890402	0	0	0	0	0	0	0	0	0	0	0	0	0	0	0	9.28041109302435	86.993151407696	0	0	0	0	100	0	15.5646415417651	100	0	12.7244410600593	0	0	0	9.00728733184035	0	0	0	17.0853005797356	0	0	33.3186221960382	62.1561366224329	0	26.9186052747209	0	0	0	0	0	0
HALLMARK_APOPTOSIS_gex	0	0	0	0	0	0	49.4941661428944	0	7.82819808324152	0	0	0	0	0	0	0	0	0	0	0	0.109693291542682	0	0	0	0	0	0	79.2120054166587	0	0	0	25.4913253014107	44.4199624240203	0	0	0.807163238634169	8.03199766157465	0	55.7759761426184	0	43.7280082892127	6.89869364799694	0	0	0	0	0	0	0	0	0	0	0	0	0	0	19.1177170293835	38.3665988075411	0	0	33.6177951223937	0	0	0	0	0	0	0	0	0	0	0	0	0	0	0.845786072239833	0	0.177087885832993	0	0	0	0	27.0856343458909	0	0	0	99.5432307179138	0	7.8761806936144	49.3722420978938	0	0	0	0	0	16.4580539925385	0	0	0	0	0	0	0	0.88612782847304	0	0
HALLMARK_BILE_ACID_METABOLISM_gex	0	0	0	13.4789813286789	0	0	56.9468430289199	0	0	0	0	0	100	0	15.814639415705	0	0	0	0	0	0	0	0	0.495762423105651	0	0	0	48.6270665843389	0.394773706017178	0	13.1152780984115	46.3829647313691	2.81885566406142	0	0	0	0	0	83.5148827311724	0	27.5261329659987	13.955319268805	0	0	55.2770831719703	0	0	0	0	0	0	21.5874269409966	3.06558096526824	0	63.9897144727067	0	24.9922372340368	44.7535314145561	6.07944224574412	0	0	0.575952331529702	0	0	41.2274040061265	0	0	0	0	0	0	0	0	20.552473718342	0	0	0	45.409104107453	0	0	26.8542234519288	0	0	0	0.838148934438447	0	35.5845776029401	15.4364873373789	0	0	0	0	0	0	23.3053867930353	0	11.2736231515497	0	0	0	0	0	0	14.1668426129207	0	14.6010988017559
HALLMARK_CHOLESTEROL_HOMEOSTASIS_gex	0	0	16.2435083793929	95.9618120083186	0	0	0	0	4.33316633950063	0	28.5699353006218	0	0	0	0	0	0	0	0	0	0	0	0	0	0	0	0	7.84384902562671	0	0	0	0	44.6599663717035	0	27.8141569088428	0	0	0	30.2237184490334	2.06648266926865	0	0	0	0	0	0	0	0	0	0	0	24.5477027197554	76.2186662232432	100	0	0	17.7263179861786	0	0	0	0	0	0	0	0	0	26.5808837305687	40.624129040058	9.65615692233602	0	0	0	0	0	0	0	0	0	12.0326525143774	0	5.72157517125821	0	13.3186759751111	0	0	0	0	100	0	0	0	0	0	0.765704520116228	17.8062765044831	0	4.36998673281449	0	0	0	53.8506336176383	0	26.9758041021488	0	0	0
HALLMARK_COAGULATION_gex	0	30.5351606901412	0	0	0	0	0	0	0	0	11.7539733024288	0	0	0	0	0	0	0.00304248065501975	0	0	0	0	0	0	0	0	19.7837295268904	22.1449840731907	0	0	0	0	0	0	0	12.4629383561002	0	0	0	36.2082746570568	0	0	0	0	0	0	5.89528430530347	0	0	0	0	0	0	0	0	0	0	0	0	0	0	0	0	0	0	0	0	0	0	0	0	0	0	0	0	0	0	0	0	0	0	0	0	0	0	0	0	0	0	0	0	0	0	32.7986177083703	0	15.9035463820569	0	0	0	0	0	0	0	0	0	0
HALLMARK_COMPLEMENT_gex	0	0	0	0	0	0	0	0	0	46.3957936346127	0	0	0	0	0	0	0	0	0	0	0	0	0	0	4.11609365257866	0	0	0	0	0	0	0	0	0	0	0	0	0	0	0	0	0	100	0	21.1982580652548	0	0	0	0	0	0	0	0	0	0	0	0	0	0	0	0	0	0	0	0	0	0	0	91.1249880215406	0	0	0	0	0	0	0	0	0	0	0	0	0	0	0	0	0	0	0	0	0	0	0	0	0	0	0	0	0	0	0	0	23.5470839689084	0	0	0	0
HALLMARK_DNA_REPAIR_gex	35.644735452608	0	0	0	0	0	0	26.5302484515719	0	0	1.09043060500348	0	0	0	2.52450447884244	0	0	0	0	0	0	0	0	0	0	0	0	0	0	0	0	0	1.40239777778154	0	0	0	0	0	0	0	8.92026663489716	0	0	0	0	0	0	0	0	0	0	0	0	0	0	0	0	57.6157824306611	0	0	0	0	0	0	0	0	4.19525977914065	5.9443407397412	0	0	17.2402723151345	0	0	0	0	24.0800608727742	0	0	0	0	0	0	0	0	0	0	0	0	0	0	0.874220145493039	67.9434941890159	0	14.6938250495061	0	0	0	0	0	0	0	0	0	0	0	0
HALLMARK_E2F_TARGETS_gex	0	0	0	0	0	0	0	0	0	0	0	0	0	0	0	0	0	0	0	0	0	0	0	0	0	0	0	7.36838298253245	0	0	0	0	0	0	0	0	0	0	0	0	0	0	0	0	0	0	0	0	0	0	0	0	0	0	0	0	0	0	0	0	0	0	20.1071916402774	0	0	0	0	0	0	0	0	0	0	0	0	0	0	0	0	0	0	0	0	0	0	0	0	0	0	0	0	0	0	0	0	0	0	0	0	0	0	0	0	0	0	0
HALLMARK_EPITHELIAL_MESENCHYMAL_TRANSITION_gex	0	0	0	0	0	0	0	0	0	0	0	0	0	0	0	50.4847647324291	0	0	0	0	0	0	0	0	0	0	0	0	0	0	0	0	0	34.2166727700166	0	0	0	0	0	0	0	10.4654541536208	68.8456568853334	0	0	0	0	0	0	6.89865406241925	0	0	0	0	38.1668461562276	0	0	0	0	0	0	0	0	0	0	0	0	0	0	0	0	0	0	0	0	53.3050271391771	0	0	0	0	0	0	0	0	0	0	0	0	0	0	0	0	0	0	5.50692502800538	0	0	36.1567234920919	0	0	0	0	0	0	0	0
HALLMARK_ESTROGEN_RESPONSE_EARLY_gex	0	0	0	2.50857045496364	0	0	0	0	0	0	0	0	0	0	0	0	0	0	0	0	0	0	0	0	0	0	0	0	0	0	0	0	100	1.34789427580403	0	0	0	0	0	0	6.27682174232381	4.47798393642189	0	0	0	0	0	0	0	0	1.49375318103635	0	0	0	52.6595518775704	0	0	0	0	0	0	0	0	0	0	0	0	0	0	0	0	0	0	8.62559686947396	0	0	0	0	0	0	0	0	0	0	0	0	0	0	0	0	0	0	0	0	0	0	0	39.205824114346	0	0	0	0	0	0	0	0
HALLMARK_ESTROGEN_RESPONSE_LATE_gex	0	0	0	0	0	0	0	0	0	0	0	0	0	0	0	0	0	0	11.3561481311438	0	0	0	0	0	6.41823996382392	0	0	0	0	0	0	0	35.0714968396597	0	0	0	0	0	17.4970812444272	0	0	0	0	0	0	0	0	0	0	0	0	0	0	0	0	0	0	0	72.8589085993979	0	0	0	0	0	0	0	8.69565933115157	0	0	0	0	0	0	0	0	0	0	0	0	0	0	0	0	0	0	0	0	0	0	0	0	0	0	0	0	0	0	0	0	0	0	0	0	0	0	0
HALLMARK_FATTY_ACID_METABOLISM_gex	0	0	0	68.1465295871962	0	0	0	0	0	0	46.5114721300382	0	0	0	0	0	0	34.8832746101433	0	0	0	0	0	0	0	0	0	26.9088884518406	16.4476016647771	0	0	0	0	0	0	0	0	0	0	0	0	0	0	0	0	0	0	0	0	0	0	0	0	0	0	0	0	0	0	0	0	0	0	0	0	0	0	0	0	0	0	0	0	0	0	0	0	0	0	0	0	0	0	0	0	0	0	0	0	0	0	0	0	0	0	0	0	0	0	0	0	0	0	0	100	0
HALLMARK_G2M_CHECKPOINT_gex	0	0	0	0	0	0	0	0	0	0	0	0	0	0	0	0	0	0	0	0	0	0	0	0	0	0	0	0	0	0	0	0	0	0	0	0	0	0	0	0	0	0	0	0	0	0	0	0	0	0	0	0	0	0	0	0	0	0	0	0	0	14.2948533589603	0	0	0	0	0	9.97860690257346	0	0	0	0	0	0	0	0	0	0	0	0	0	0	0	0	0	0	0	0	0	0	0	0	0	0	0	0	0	0	0	0	0	0	0	0	0	0
HALLMARK_GLYCOLYSIS_gex	0	0	0	0	0	0	0	0	0	0	0	0	51.6762053276422	0	0	0	0	0	0	0	4.45095696994767	0	0	0	31.0172924678372	14.7824340659138	39.9522803954299	37.1983602775732	0	0	0	0	41.990069718802	0	0	2.24324167492077	0	0	0	0	0	0	0	0	0	0	0	0	0	0	0	0	0	0	0	0	0	93.0523682299596	32.4593929065378	0	49.0749351825844	0	0	0	0.0191246042541175	0	0	27.9532177015632	0	0	76.0344800608537	0	0	23.8055102412	0	85.9344228973661	0	0	0	0	0	27.2855051906213	0	0	0	0	66.9494885343992	6.13682034198047	0	3.4418357218107	0	0	0	0	0	9.96655969607187	0	0	0	0	0	0	0	0	0	0
HALLMARK_HEDGEHOG_SIGNALING_gex	0.120596128746366	0	0	33.3884644472541	0	0	1.30375383404907	0.841850807685298	0	0	0	0	0	0	0	0	0	0	0	0.475316505957698	12.4758479059771	75.7773036517177	0	0	0	0	0	3.62880408727802	0	0	0	0.96377055768725	0	0	0	0	0	0	1.58529893966748	0	21.7487655572219	0	9.01302385457322	0	0	0	0	0	0	0	0	0	0	0	0	4.48805586144709	0	0	0	0	0	0.28691647212002	0	0	0	0	14.7752938542178	0	0	0	0	0	0	0	0	12.9789609659128	0	0	0	0	14.0455787191965	0	0	0	1.63810050928761	16.1464801231533	0	0	0	0	0	0	0	0	0	0	0	0	37.8163989551713	0	0	0	12.5260288467495	0	58.0930192735995	0
HALLMARK_HEME_METABOLISM_gex	19.4258230408762	36.0300990220802	0	0	0	0	0	0	0	0	6.2006083590204	31.5376414094193	0	0	0	66.8239779672813	0	0	0	0	0	0	0	0	0	0	0	0	0	9.00713025737307	0	0	0	0	0	14.3401522174173	0	0	0	0	35.2438899439279	0	0	0	0	69.9785057259308	0	0	0	0	0	0	0	0	0	0	9.53347847176587	30.3136978599688	0	0.49127968627084	40.3007693204595	0	0	0	0	0	0	0	20.9052341286388	0	3.32912262492621	0	59.2172039100827	0	0	0	32.0914197699493	0	20.2994040186584	0	0	0	3.973980815249	0	0	0	0	0	0	0	1.84722959490289	0	0	14.4639348075021	0	0	0	0	0	0	0	0	0	0	0	0
HALLMARK_HYPOXIA_gex	0	0	0	0	0	0	0	0	0	0	0	0	0	0	0	72.1434374908197	0	0	0	0	0	0	0	0	0	0	0	0	0	0	0	0	0	0	0	0	0	0	0	0	0	0	0	0	0	0	0	0	0	0	0	0	0	0	0	0	0	0	0	0	0	0	0	0	0	0	0	0	0	0	0	0	0	0	0	0	0	97.933079015671	0	28.7148609381275	0	0	0	0	0	0	0	0	0	0	0	0	0	0	0	0	0	0	0	0	0	0	0	0	0	27.5958881891627
HALLMARK_IL2_STAT5_SIGNALING_gex	0	0	0	0	0	0	0	0	0	100	0	0	0	0	30.6636502812193	0	0	0	9.48683985252419	0	0	0	0	0	0	0	0	1.003422836483	61.041340986931	0	0	0	0	0	0	2.84178384222939	0	0	0	0	38.7189743213169	0	43.6045505260804	0	19.5492620285596	0	0	0	0	0	0	0	86.1494181549171	69.246972305318	0	14.8064204761929	0	0	0	0	0	0	0	0	0	0	0	0	0	0	0	0	0	0	0	0	0	0	0	0	0	0	0	73.8809169327728	0	0	0	12.0268165967549	0	35.0254459703333	0	0	0	0	0	0	0	0	0	0	0	0	0	0	0	0
HALLMARK_IL6_JAK_STAT3_SIGNALING_gex	0	0	0	0	100	41.2598243825002	0	0	56.2538287187439	81.2882628592628	0	0	0	0	0	0	0	0	0	0	0	0	0	0	0	0	0	3.60574321308585	12.1345929620046	0	0	41.3484436406595	0	0	0	0	0	0	0	0	0	0	0	0	0	0	34.1154501409154	0	0	0	0	0	0	37.1128272957943	0	0	21.4683109580971	0	0	0	0	0	0	0	0	0	0	0	0	0	0	0	0	0	0	0	0	0	0	0	56.6757684956263	0	0	0	0	0.871749587402202	0	0	0	72.5485111185927	0	0	0	0	0	0	0	10.4040714768349	0	0	0	0	0	0	0	0
HALLMARK_INFLAMMATORY_RESPONSE_gex	0	0	0	0	0	0	0	0	0	0	0	0	0	0	0	0	0	0	0	0	0	0	0	0	0	0	0	38.6174912201672	0	0	0	0	0	0	0	0	0	0	0	0	0	0	0	0	0	0	0	22.6591882038433	0	10.0988751136013	0	0	0	0	0	0	0	0	0	0	0	0	0	0	0	0	0	0	0	0	0	0	0	0	0	0	0	0	0	0	0	0	0	0	0	0	0	0	0	0	0	0	0	0	0	0	0	0	0	0	0	0	0	0	0	0
HALLMARK_INTERFERON_ALPHA_RESPONSE_gex	0	0	0	0	14.7712485496935	0	0	37.2788362517973	0	0	0	18.4623375058429	0	0	0	0	0	0	2.40354156222351	0	0	0	0	0	0	0	6.94624425716017	3.72555085136318	69.9324623996064	0	0	0	0	0	0	0	0	0	100	0	0	0	0	0	0	0	0	0.968143348221045	0	0	0	20.9545282534815	0	0	0.340193257459036	0	0	0	0	0	0	0	0	0	0	0	0	0	0	0	0	0	0	0	0	0	0	100	0	0	42.9616984365178	7.41173148059885	0	47.9867420547642	0	0	0	0	0	0	0	28.9621303260505	0	0	0	0	10.079893301876	0	0	0	0	0	0	0.906393097524305	0	0
HALLMARK_INTERFERON_GAMMA_RESPONSE_gex	0	0	0	0	0	0	0	0	0	0	0	0	0	0	0	0	0	0	0	0	0	0	0	0	0	0	0	0	0	0	0	0	0	0	0	0	0	0	0	0	0	0	0	0	0	0	0	0	0	0	0	0	0	0	0	31.4362155703503	18.2166992389111	11.0401211386563	0	0	0	0	0	0	0	0	0	0	0	0	0	0	0	0	0	0	0	0	0	0	0	52.0897186490993	0	0	0	0	0	0	0	0	0	0	0	0	0	0	0	0	4.39269391931363	0	0	0	0	0	0	0
HALLMARK_KRAS_SIGNALING_DN_gex	1.28755564803804	0	0	0	0	1.36181577361965	0	0.271250879929806	0	0	0	0	0	0	0	0	0	0	0	0	0.305021603983135	0	0	0	0	0	0	0.503226542951524	0	0	17.0636630361786	0	0	0	0	0	9.26738016676943	0	9.58660090434309	0	0	0	59.2121900866116	0	4.29928440991252	0	0	0	0	0	0	0	2.45182475088216	0	43.9617274288802	0	0	0	0	0	0	0	0	0	0	0	0	0	0	0	0	0	0	0	0	3.17281616442918	0	0	0	0	31.4449195926725	16.8487203811987	0	65.0080099499499	0	0	4.41592668393717	0	0	0	0	0	0	0	0	0	0	0	0	0	0	0	20.9976855431035	0	0	0
HALLMARK_KRAS_SIGNALING_UP_gex	0	0	0	0	0	0	0	0	0	0	0	0	0	0	0	0	0	0	0	0	0	0	0	0	0	56.3107034935275	0	0	0	0	0	0	0	0	0	0	0	0	0	0	0	0	0	0	0	0	0	0	0	0	0	0	0	0	20.4554148738092	0	0	0	0	0	0	0	32.5578646118777	0	0	0	0	0	0	0	0	0	0	0	0	0	0	0	0	0	0	0	0	0	0	0	0	0	0	0	0	0	0	0	0	0	0	0	0	0	0	0	33.914889257623	0	0	0
HALLMARK_MITOTIC_SPINDLE_gex	0	0	0	0	0	0	47.8094876337304	0	0	0	0	0	0	0.70228395549506	0	0	0	0	4.14158448523029	0	0	0	0	0	4.49298362682177	6.07859934440302	0	42.7475029582779	0	0	0	0	29.761256917069	0	0	0	0	0	0	16.8000840025347	0	0	0	76.300977250736	0	18.3696512841984	0	0	0	9.52807978967647	0	0	97.5359990125256	12.4028424580707	0	0	3.96719287937179	0	52.4798661176294	0	0	0	0	0	0	0	0	0	48.1873417477052	7.84072389417483	0.777627480780198	0	0	0	53.2684748602988	0	22.2666225405143	0	0	0	0	0	0	0	0	0	45.8683886969218	0	0	0	15.8967811335828	0	36.543898650901	0	0	0	0	0	0	0	0	0	0	0	0	0
HALLMARK_MTORC1_SIGNALING_gex	0	0	0	0	0	0	0	0	0	0	39.2651665930354	0	0	0	0	0	0	0	0	0	0	0	0	0	0	0	0	35.8189701926023	0	0	0	0	0	0	0	0	0	0	0	0	0	83.4083407199603	0	0	0	0	0	86.5138968482528	0	0	0	0	0	0	0	0	0	0	0	0	0	0	0	0	0	0	0	0	0	0	0	0	0	0	0	0	0	0	10.1579240306036	0	0	0	0	0	0	0	0	0	0	0	0	0	0	0	0	0	5.59624024640271	0	0	0	0	0	0	0	0	2.98210997738992
HALLMARK_MYC_TARGETS_V1_gex	0	0	0	0	0	0	0	0	0	0	0	0	0	0	0	0	0	0	0	0	0	0	0	0	0	0	0	25.7774128895933	0	0	0	0	0	0	0	0	0	0	81.5432869180225	0	25.9680056951061	0	0	0	0	0	0	0	0	0	0	0	0	0	0	0	0	0	0	0	0	0	0	0	11.1912490413431	0	0	20.0306592660575	0	0	0	0	0	0	0	0	0	0	0	0	0	0	0	0	0	0	0	0	0	0	0	0	0	0	0	0	0	0	0	0	0	0	0	4.76098998791002	0	9.47708132760027
HALLMARK_MYC_TARGETS_V2_gex	0	0	0	0	0	0	14.6277903713365	0	8.41996083596633	0	0	0	0	0	0	0	8.25353880693796	0	0	0	19.5663769678588	0	0	0	0	10.3756499622922	0	0	0	0	0	0	0	0	0	0	0	0	28.0822345791794	0	0	0	0	10.2171557669129	0	0	18.8854881870139	0	0	0	0	0	0	0	0	0	0	0	0	0	0	0	0	0	0	0	0	0	0	0	0	0	0	0	1.49843784026845	0	0	0	0	0	0	0	0	5.5819678300868	0	0	0	0.999474293173103	0	0	8.53451487223003	0	0	0	0	0	0	0	0	0	0	0	9.80424559388886	0	0	0
HALLMARK_MYOGENESIS_gex	0	0	0	0	0	0	0	0	0	0	32.0244833132765	0	0	0	0	2.00448187342719	0	0	0	0	0	0	0	0	0	0	0	29.1083626195882	0	0	0	0	0	0	0	0	0	0	0	0	0	0	0	0	0	0	0	41.3507452739635	0	0	0	0	0	0	0	0	0	0	0	0	0	0	0	0	0	0	0	0	0	18.1735924318199	0	0	0	0	0	0	0	0	0	0	0	0	0	6.33876568722988	0	0	0	0	0	0	0	0	0	0	0	0	0	0	0	0	0	0	0	0	0	24.5313424825289
HALLMARK_NOTCH_SIGNALING_gex	0	0	0	0	0	23.0736105096005	0	0	1.1984376819213	0	0	8.45985366874786	0	0	0	13.6757463807689	0	0	1.66775074362972	0	0	0	0	0	0	0	0	23.5166838939142	0	0	26.2623941487748	0	0	0	0	0	0	0	0	0	9.17467631137049	0	1.29167794677603	0	0	0	0	0	0	0	0	0	0	0	0	0	0	0	97.1788085467954	0	0.708153578138876	0	0	0	0	0	0	0	19.9551268458829	0	0	0	0	0	0	56.1924841739232	0	0	0	28.9479513515503	13.0584927119603	0	0	0	0	0	0	0	0	0	0	0.831822663383873	0	2.81178533913632	0	0	3.25762160727415	0	0	65.5881155926214	0	0	14.1662573482977	0	0	31.9026358571219
HALLMARK_OXIDATIVE_PHOSPHORYLATION_gex	0	26.7125016935631	0	0	0	0	0	0	0	0	0	1.89033440778922	0	0	0	0	37.0565850400687	0	0	0	60.034347307693	0	0	0	0	0	0	0	0	0	0	0	0	0	0	0	0	0	0	0	0	0	0	0	0	0	0	0	0	0	0	0	0	0	0	0	0	0	0	0	0	0	0	0	0	0	0	0	0	0	0	0	0	0	0	0	0	0	0	0	0	0	0	0	0	0	0	0	63.3694138579906	0	0	0	0	0.152854444136927	0	0	0	0	0	0	0	0	0	0	0	3.03399752762413
HALLMARK_P53_PATHWAY_gex	22.1934196986806	0	0	0	0	0	0	0	0	0	0	0	0	0	0	0	0	0	3.34086010550687	0	0	0	0	0	0	0	0	8.39243154834197	0	0	0	0	0	0	0	2.93977008776266	0	0	0	0	0	0	0	0	0	0	0	0	0	0	0	80.9231507944953	60.8566720182702	0	0	0	0	0	0	0	0	0	0	0	0	0	8.19788291847253	0	0	17.8447243962626	0	0	0	0	0	4.86854763060941	0	0	0	0	0	0	51.4059084989782	0	0	0	0	0	0	0	0	0	0	0	0	0	0	0	0	0	0	0	0	0	0	24.1574549334785
HALLMARK_PANCREAS_BETA_CELLS_gex	0	0	0	11.5967767460927	0	0	0	0	0	0	26.9385093037755	0	2.83182197867987	0	0.340414374095714	16.0412967645886	0	0	0	0	12.3045769631696	0	0	0	0	0	0	3.70939453449087	15.5667802355166	0	0	0	0	41.6964731394259	0	5.39822868907672	0	0	0	0	40.7521866767248	0	0	0	0	0	30.4286600884205	29.813537274236	0	0	0	13.5723246426868	42.0132050568054	3.60193666474669	0	0	0	0	0	18.8991233908429	0	0	0	0	3.97870212875391	0	0	0	49.9821437154663	0	0	0	0	0	0	0	0	51.2220848426045	0	0	27.7306383701128	14.5319360210121	0	0	28.3650756999555	10.713800760164	0	0.903475817211241	0	0	0	1.34381973010595	0	32.2417234397577	0	7.8292116222636	0	0	0	0	0	0	0.595350472961731	15.6551971803635	0	0
HALLMARK_PEROXISOME_gex	0	0	0	0	0	0	0	0	0	0	0	0	0	0.286513366421141	0	62.3792214988176	0	100	0	4.95307695576895	0	0	0	0	0	0	0	14.0583922188638	0	0	0	0	0	0	0	0	96.3721558730963	0	0	0	0	0	0	0	0	46.2088324562135	8.14709732979779	45.2739173506686	0	18.0362925139231	0	0	0	19.4703509294733	0	0	0	0	0	0	0	0	0	0	0	24.8658732059047	0	0	0	1.10127221468816	0	0	8.2788381237887	0	0	0	0	0	0	0	11.0739971699748	0	15.9939375988421	0	0	59.3193243391775	0	0	0	0	0	23.593036083249	0	0	0	0	2.06599617312863	0	8.51309131659606	0	0	0	0	24.9634880745251	0	0
HALLMARK_PI3K_AKT_MTOR_SIGNALING_gex	16.9610443996058	0	0	0	0	31.4545810901889	79.4010621824995	0	0	0	1.90457618330788	23.6266925202102	0	0	0.0812443689399207	1.35313081656804	0	0	0	0	5.83749585033238	24.2677033707822	0	0	0	22.8026985265064	0	19.2121080332614	0	0	0	6.8775313799851	8.46049013674697	37.6669805591658	0	0	5.94258908546667	34.244446361293	14.8398634056714	55.1813820962128	22.2913980380222	0	0	0	56.417662989285	0	0	0	0	0	0	16.5470319374575	0	1.34206540110342	21.5087455469665	0	0	0	0	0	0	0	0	0	0	0	0	0	0	23.7112072804569	100	0	0	51.9593968572527	0	0	0	0	0.32938711871283	0	0	0	0	71.085100332181	0	0	0	0	58.0387132927491	19.7144561760248	0	0	1.9535182769045	1.86343112854733	7.19529704579237	0	0	26.6948648873152	6.45965866324281	0	0	0	1.0570221582875	3.67334078543999	0	0
HALLMARK_PROTEIN_SECRETION_gex	0	41.0568038139465	0	2.18276164099802	0	0	93.677255525257	0	0	0	12.0031759427655	0	86.5592980490853	12.5269798343052	0	28.1287211674503	0	0	50.3557489929218	0	43.9369927298187	44.1110328962979	0	53.0400371465037	20.9625515216022	0	0	23.0739606197966	0	2.32732330543773	0	0	0	17.8387188950143	0	15.5060769084891	0	97.2626103545911	21.0728220399576	0.358104047025844	10.099369830575	0	0	60.4240496479985	0	0	0	0	0	90.3763615890647	0	0	0	0	95.0064333192022	0	28.3378275630711	0	0	0	27.6185027336158	7.79291842242097	0	0	0.24322343890515	0	0.82763018280559	0	10.7735946055648	0	53.15703707475	0	0	0	22.7461596197707	12.0881057045023	0	0	20.6513961349126	0	0	0	4.88411834944667	3.93503727474757	0	8.46839630439559	50.719355032642	12.9187125600356	33.7829522832929	0	3.55567657540134	0	0	0	0	41.3253351114298	0	0	0	0	0	0	37.2924490385029	60.7924799753417	0	0
HALLMARK_REACTIVE_OXYGEN_SPECIES_PATHWAY_gex	18.8758830384021	0	0	0	0	0	0	57.1294512635978	0	0	0	0	0	0	0	0	1.83849031938008	0	0	15.9086646154674	0.509423112595105	0	0	0	0	0	36.8650625271979	0	0	25.1092663078509	100	0	0	1.66800778875201	0	0	0	0	0	12.9916695867716	0	0	0	0	0	0	0	0	0	0	31.2174947578304	0	74.9002926159493	17.4808852765863	0	0.0615838026310831	0	0	0	0	0	43.1478900033271	0	0	0	0	0	0	2.20584929673456	0	0	0	0	0	0	0	0	0	0	0	8.28283478247221	20.8496471507434	0	16.6497540733557	26.6060762254415	0	0	7.44616815235412	0	0	0	0	0	0	100	0	0	0	0	0	1.55318556805556	92.2728672815282	0	0	0	82.4835436028336
HALLMARK_SPERMATOGENESIS_gex	0	0	0	0	0	27.7205611085173	0	0	0	0	23.751287723692	0	46.8636856841434	0	0	6.2652680516595	0	0	0	0	0	0	0	0	0	0	0	26.3137339628166	0	0	0	0	0	0	0	0	0	0	0	7.16135186746993	22.7601967606742	0	18.617018374794	0	0	0	0	0	0	0	0	0	0	0	0	0	0	0	0	0	0	0	0	0	0	0	0	0	0	0	0	0	0	0	0	0	0	0	0	0	0	12.3636095982367	0	0	0	0	0	0	0	0	0	0	0	0	0	0	62.0005847363183	0	0	0	0	0	0	5.34152804117294	0	0
HALLMARK_TGF_BETA_SIGNALING_gex	0	0	15.4279651018767	0	0	0	73.5749189576705	0	0	0	0	0	0	0	0	0	0	0	0	0	0	0	0	0	0	0	69.2207888963174	0	0	25.1369236876817	0	0	0	0	0	0	0	0	0	0	0	0	0	0	0	42.1348322365598	0	0	0	0	0	0	0	0	0	0	0	0	0	0	0	0	0	0	0	75.3470317786506	26.7101954400212	0	0	0	0	0	0	67.2393261750043	0	0	0	0	0	0	0	0	0	0	0	0	0	0	0	0	0	0	0	0	0	0	0	0	0	0	0	0	0	0	0	0
HALLMARK_TNFA_SIGNALING_VIA_NFKB_gex	0	40.9754096827668	0	0	0	0	0	0	0	0	0	0	0	0	0	9.21654200373338	0	0	0	0	0	0	0	0	0	0	0	0	0	0	0	0	0	0	0	0	0	0	0	0	0	0	0	0	0	0	0	0	0	0	0	0	0	0	0	0	4.12502458570403	0	0	0	0	0	0	0	0	0	0	0	0	0	94.815397980712	0	0	0	0	0	0	0	0	0	0	0	0	0	0	0	0	0	0	0	0	0	0	0	0	0	0	0	0	0	0	0	0	0	0	0
HALLMARK_UNFOLDED_PROTEIN_RESPONSE_gex	0	0	0	0	0	0	0	0	33.2585372371776	0	63.5344254033998	0	0	0	7.53134486886053	2.32225957469482	20.5151203370927	0	0	0	0	17.3353403610135	0	0	0	0	0	31.0360353204563	0	0	0	0	81.5073326332915	33.6843801915189	0	0	60.269491594446	60.415389085798	0	0	23.4906990574894	0	10.9709097330781	0	0	0.150987407976402	0	0.286552494823673	0	0	0	0	0	0	0	34.9735868743496	0	0	0	7.09342950596541	12.6936951476119	19.5825329203298	0	0	0	0	11.1162009532903	0	0	23.9496567576517	0	0	0	0	0	0	1.67535780726306	0	0	0	0	0	31.6121692821029	0	7.88366857955867	0	0	0	0	0	0	0	0	0	0	0	0	0	0	0	4.32146110553608	0	0	0	0	0
HALLMARK_UV_RESPONSE_DN_gex	0	0	3.49949463358066	0	0	0	0	0	0	0	0	0	0	9.21100754828759	0	0	0	0	5.2582706511774	0	0	0	0	0	12.3068187661908	0	0	35.4869914297997	0	0	0	0	0	0	0	21.4459844493585	34.1553405433152	0	0	0	0	0	0	0	0	0	0	0	0	4.25668971512315	4.71727126015024	0	0	0	0	25.9300094954333	0	0	0	0	38.0589438097048	0	0	0	26.7027728167023	0	0	0	0	0	0	0	0	0	0	0	0	0	0	0.177288246353244	7.80256039178926	0	0	0	0	0	0	0	12.7372447291309	0	0	0	0	43.796948816202	0	7.57152097419669	0	0	0	0	45.8646689646379	0	8.2808678274919	5.56719958765281	0	92.7818526635213
HALLMARK_UV_RESPONSE_UP_gex	0	0	0	0	25.5903733591036	0	0	0	0	0	0	0	0	0	0	34.5606615527323	0	0	0	10.7108027030689	0	0	0	0	0	0	0	0.508763553284477	0	0	0	0	0	0	0	0	0	0	0	0	0	0	0	0	0.0155255090410845	0	0	0	0	0	0	0	0	0	0	0	1.33093761108641	0	23.7732279351395	0	0.946076491393191	0	0	0	0	0	0	0	0	0	0	0	0	0	0	0	0	0	0	0	0	0	0	0	0	0	0	0	0	0	0	15.3456613058422	0	0	0	0	7.53030169060118	1.80871801923281	0	3.38510734006053	0	25.1613802680637	0	0	0	0
HALLMARK_WNT_BETA_CATENIN_SIGNALING_gex	45.3161446554918	0	0	0	0	27.0440128630444	16.6934295650655	0	0.945200155014798	0	46.027950655551	0	0	5.07430066866449	31.456219705353	0	0	0	12.743454018929	13.1262536653725	0	0	0	0	3.68888716048875	0	0	33.230341736317	0	48.6638816922014	0	0	0	0	0	12.1538869470711	47.040253455677	0	40.2012031018651	17.0207383845264	78.5485684744898	0	28.9731466292689	33.5133645658822	0	0	39.4780266525429	25.1086486188418	0	0	8.96461160517668	17.1727627558794	0	16.0293902880872	0	2.77695017920898	24.2552575173353	13.6297830462226	43.0155044375753	0	0	0	0	0	9.66070658752046	0	0	0	8.52191326261883	0	5.88136939823038	100	73.5880599514858	0	26.7465427721842	0	9.07020947242054	0	2.8131258450076	0	0	57.5532342382035	33.5037326617458	0	0	0	0	0	0	23.569324331151	0	0	0	37.7582778600961	0	25.4851770078378	0	0	0	0	0	0	0	0	0	0
HALLMARK_XENOBIOTIC_METABOLISM_gex	0	0	11.2864280548792	0	0	0	0	0	0	0	0	0	0	0	0	90.7457200278177	0	0	0	0	0	0	0	0	0	0	0	0	0	4.82902724440582	0	0	0	0	0	0	0	0	0	0	0	0	0	0	42.0899736771835	0	0	0	0	0	0	0	0	0	0	0	0	0	0	0	0	0.0391504749877329	0	0	0	0	0	0	0	0	0	0	0	0	0	0	0	0	0	0	0	1.20062281686671	0	0	0	0	0	0	0	13.9080916898772	0	0	0	0	0	0	0	0	0	0	0	0	0	0	0	0
HSC_gex	0	0	0	71.0062634454419	7.66966115390684	0	0	0	0	0	0	0	16.3271818665279	0	8.52633414195984	0	0	0	0	0	32.3892756261182	0	0	0	0	0	0	0	60.3298483165332	0	0	0	0	0	0	0	0	0	10.2637670299086	0	0	0	0	0	0	0	0	0	0	0	0	0	0	0	0	0	0	0	0	0	0	17.9142767587817	0	0	0	0	0	0	0	36.5635876297034	2.12206380114765	0	0	0	0	0	0	10.6989387438922	0	0	0	0	0	0	0	0	0	0	0	0	0	0	0	0	0	0	0	0	0	0	0	0	0	0	0	0
Hepatocytes_gex	44.1087418301004	95.1111857649427	29.2787774445176	0	0	0	0	0	0	0	0	0	0	0	0	0	0	0.863777060342148	0	0	0	0	0	0	2.71704155030837	0	0	21.7295832033645	8.80044808044248	0	0	0	0	0	0	0	0	22.919269266862	0	0	0	0	0	0	0	51.7496028260238	0	0	0	0	0	69.5496517011871	0	0	0	0	0	1.02799763403543	0	0	0	0	0	0	0	0	28.9097792924488	2.3644170902025	0	0	0	0	0	0	0	0	0	0	0	0	0	1.65956196715464	0	0	0	0	0	15.0527655148732	0	0	0	0	0	0	0	0	2.41272106651977	19.3274250602164	0	0	0	0	0	18.8175765551879	0	85.3427112739046
IDH1_mut.panel	20.2979642169667	68.4522455374695	0	0	0	16.1795462148057	0	0	0	0	9.63212063513858	0	0.156231201578889	0	0	35.2918170368449	0.260439194952897	0	2.07430012101174	0	37.4086655623747	0.831043277376598	0	0	20.1241193353538	3.15016944388483	0	19.4459015246609	0	0	0	0	0	0	0	0	3.0784650485115	6.0426824227272	5.52265615671246	15.5380631737083	0	0	0	0.336748318094728	1.37727415374576	7.35036212545811	5.38499338675385	0	41.889645741345	0	22.4013158808869	0	61.9898089141844	18.858348795867	0	0	0	6.41580711123625	29.7007787934186	15.6051568948788	2.00552698381114	0	0	0	0	0	0	0	11.1704181113755	0	0	0	0	0	0	0	0	4.4197708147532	0	4.09203956156213	17.7050101209421	33.291121559292	0	3.36523027717491	0	48.2541543648031	0	18.5571495468737	0	0	0	79.8688669335706	0	0	31.2109560061599	0	15.8879724842093	2.15020356630374	43.5336607406416	16.4960834448618	13.0941921608053	0	0	32.3123548030006	0	0
IDH2_mut.panel	12.3079207423272	0	18.2772954898639	16.0110692507501	27.09633173277	0	7.93708108240481	0	5.84111440237085	0	0	36.584733132332	0.693103683369758	0	17.4625294577958	3.61778390592771	0	0	0	42.0999952784581	0	0	0	0	0	0	0	3.52180120085009	7.85815880779787	0	10.5330381289608	15.2470544333937	14.1721783380518	60.8249160598521	0	76.7917496041176	0	0	0	35.291796447873	12.262425437693	0	0	0	0	2.25407040687575	0.46030792640625	78.0060889350759	7.37554672204197	0	0	32.8763167242495	90.6868608147701	0	0	26.8670595773621	5.4421794491652	8.58804742717967	0	0	11.3861310411546	27.9453375786968	0	0	27.4218066314506	0	10.7485568456676	0	9.23272417969275	4.4856484550161	0	0	0	1.18483991788694	0	0	0	0	0	0	0	0	0	0	0	39.7130302725132	0	0	0	7.16629582112297	0	8.36699086998499	0.855446058898721	5.19767698630107	2.88275038012096	13.9004488932695	11.0641419447081	35.1168902387588	0	0	0	0	1.58751128101474	0	38.8328699279761	0
KRAS_mut.panel	0	0	0	25.3787225831305	0	0	0	0	11.0038605240678	0	0	0	0	0	0	37.9975237692687	0	11.9348175777216	0	0	100	0	0	19.353616114412	0	0	0	46.812354644242	0	3.25359748328665	0	17.4596660124787	0	0	0	54.8860185403891	0	0	0	0	42.9470692458751	0	12.4132991270488	21.3359742202024	0	32.5682869877474	0	0	89.5361003753069	0	0.310709714829108	0	0	0	0	0	0	25.3899404492935	0	0	0	0	0	0	0	45.7367178394756	84.6698001665073	0	0	0	0	1.84620817192057	0	0	15.5811887690676	100	39.0134202802851	0	0	0	37.8539423977563	9.56171589969892	100	23.2012949898856	0	42.5401194686199	0	0	0	0	8.84728782379568	21.3390050491504	24.8539303100803	0	0	0	24.6084313116544	0	0	15.7232101557024	0	0	24.1922985779033	0	0	0
Keratinocytes_gex	0	0	0	0	0	23.3864763850641	0	0	28.8123575924104	0	28.645414446151	0	36.9916092103675	0	3.71855044126848	3.27418927336792	0	0	0	0	0	0.284468005447294	0	0	0	10.5456838070378	0	29.7797573115882	4.1376722295656	0	0	0	0	0	57.9860222090109	0	99.6801422268315	0	0	0	2.66940279536339	0	1.32091175621666	0	0	0	0	0	0	0	0	0	15.1090279963143	0.450497417628645	0	0	0	0	0	0	7.38977571112758	0	0	0	0	23.3733868461135	0	0	0	0	90.1343909249543	0	0	0	0	0	0	0	0	0	0	35.8289173601298	22.0709439001835	0	0	0	0	0	0	94.7471025089823	0	0	0	6.23326154596973	0	0	0	0	0	7.60637282838232	2.43155435898776	0	0	0	0	46.5801890469422
MEP_gex	0	0	0	0	0	0	0	0	0	0	0	0	0	0	0	0	0	0	0	0	0	0	0	0	0	0	0	0	0	0	0	0	0	3.6537063430745	0	0	0	0	0	0	16.4587033379308	0	39.2623121836346	0	0	0	0	0	0	0	0	0	0	0	0	0	0	0	0	0	0	0	0	0	0	0	0	0	0	0	0	0	0	0	0	0	0	0	0	0	0	0	0	0	0	0	0	0	0	0	0	0	0	0	0	0	0	0	0	0	0	0	0	0	0	0
MPP_gex	0	31.6601706085951	100	0	0	0	0	70.7773809513747	0	0	0	7.74224865168816	0	0	0	0	0	0	0	0	0	0	0	0	0	0	0	0	0	42.5572677105041	0	0	0	0	0	0	0	0	0	0	9.3680520434957	0	0	0	0	93.8916901065649	7.12544708379631	0	0	0	0	0	0	0	0	39.0156817943649	68.0519877764934	0	0	0	0	0	0	0	0	0	51.4546986554916	1.14071875724544	0	0	0	0	0	0	0	0	0	0	0	0	0	0	0	0	0	0	0	0	0	0	31.828971391169	0	0	0	0	0	0	0	0	0	0	0	0	0	0	0
MSC_gex	0.827868911443556	0	0	0	0	12.5746673980812	17.7252944905351	1.14812025060597	0	0	0	0	5.99970081701776	0	0	62.6340451278498	0	0	0	0	0	0	0	6.14069783186205	0	29.6867351646217	0	40.8125271158516	0	0	0	0	0	0	0	0	25.6841332643834	0	0	0	84.427729205124	0	0	0	69.8497637910925	0	0	0	0	0	0	0	0	0	0	0	0	0	0	0	0	0	0	0	23.9905010632321	24.2670734309379	61.8055438110656	0	0	0	0	0	0	0	0	0	0	0	0	0	0	0	8.58571722283384	0	0	12.0342860371145	2.93539434395733	0	0	0	0	0	0	0	0	9.64348788618399	3.35658586980826	0	0	0	0	0	31.1659284855165	0	0	0
Macrophages_M1_gex	0	0	0	1.62997295645492	0	0	0	0	0	0	0	0	0	0	0	0	0	0	0	0	0	0	0	0	0	0	0	0	0	0	0	0	0	0	0	0	0	0	0	0	0	0	0	0	6.00164506150621	0	0	0	0	0	0	0	0	0	0	0	0	0	0	0	0	0	0	0	0	0	0	0	0	0	0	0	0	0	0	0	0	0	0	0	0	0	0	0	0	14.9515451241976	0	0	0	0	0	0	0	0	0	0	0	0	0	0	0	0	100	0	0	0
Macrophages_M2_gex	0	0	0	0	0	0	0	0	0	0	0	0	0	0	56.5146738919229	0	0	0	0	0	0	0	0	0	0	0	0	0	0	0	0	0	0	0	0	0	0	0	0	0	0	0	0	0	0	0	0	0	0	0	0	45.5697001051593	0	0	0	0	0	0	0	0	0	0	0	0	0	0	0	0	0	100	0	0	0	0	0	0	0	0	0	0	0	0	0	0	0	0	4.49265276986413	0	0	0	0	0	0	0	95.8428936346536	0	0	0	0	0	0	0	0	0	0	0
Macrophages_gex	0	0	0	0	0	0	0	0	11.2274846239556	0	0	0	0	0	0	0	0	0	0	0	0	0	100	0	0	0	0	0	0	0	20.7260147655159	0	9.43366077444841	0	0	0	0	0	0	0	32.8788260429117	0	0	0	0	0	0	0	0	0	0	0	0	0	0	0	0	0	0	100	0	0	0	17.1310015808668	44.4929085594943	0	0	0	0	0	0	0	0	0	0	0	0	0	0	0	0	0	0	0	2.13894196642414	46.2628862240854	0	0	0	0	0	0	0	0.185640724529139	0	0	0	0	0	0	0	0	0	0	0	0
Mast_cells_gex	0	0	0	0	0	0	0	0	0	0	0	0	0	0	0	0	30.1677614058022	0	0	0	0	0	0	0	0	0	20.7532240285523	0	7.48170066616398	0	0	3.31732576555284	0	5.26698294740572	0	18.7796533023689	0	0	0	0	40.9132952105999	0	0	0	0	0	0	0	0	2.09093961464501	0	0	59.6518816000945	0.407924423270287	0	0	0	0	0	0	0	0	0	0	0.0430027509546347	0	0	0	0	0	0	0	0	0	0	0	0	0	0	0	34.9799790145455	0	0	0	0	0	0	0	0	0	0	0	0	0	0	0	0	0	0	0	0	0	0	0	0	0
Megakaryocytes_gex	31.4277451696906	0	0	0	0	0	0	0	0.00960343065192773	0	4.20341594580941	0	0	25.3858743086257	0	0	28.6485280947219	0	5.84760911200561	11.0984838679999	0	12.3499620588864	0	0	5.21950168133433	0	0	13.3301471243034	0	0	0	26.4828801594073	0	23.1943136898091	0	23.8217034003541	38.5658507304577	0	0	0	0	13.8042480174495	23.3855212974446	0	0	0	0	28.7583040521054	0	0	0	0	0	7.16278198317382	0	0	0	0	36.9081382989575	0	0	0	0	0	0	19.420575964121	0	0	0	0	0	0	0	0	20.6874724463172	0	1.13301608797855	2.71074226843185	0	15.3619953444604	0	0	0	14.4274563280966	0	0	0	0	0	0	18.3396213595078	0	3.20649948650464	0	36.7887723066052	24.4833431274944	0	0	0	46.9651717376716	19.5425979704099	0	0	0	0	0
Melanocytes_gex	0	0	0	0.0639491963458134	0	0	0	0	0	0	0	0	0	0	0	0	0	0	0	0	0	0	0	0	34.7950003917223	0	0	4.82025713988256	0	0	0	37.8741708612439	0	0	0	0	0	0	0	0	0	0	0	20.2189948455489	0	0	0	0	0	0	0	0	0	32.6062632106936	0	0	0	0	0	0	0	0	0	0	0	0	0	0	11.8733148042328	0	0	0	0	0	0	0	0	0	0	0	0	0	0	0	0	0	0	0	0	0	8.30344014386377	0	0	0	0	0	0	0	0	0	18.4468518167301	0	0	0	0	0
Memory_B_cells_gex	0	0	0	0	0	0	0	0	0	0	0	0	0	0	0	10.0691919410945	0	0	7.01296370458554	0	0	0	0	0	0	0	0	3.10531656941895	2.46156734470249	0	0	0	0	1.54948010296767	0	13.2168616307131	0	29.1357001078301	0	36.8461346737575	0	0	0	0	0	0	0	0	0	0	0	0	42.9961244765413	0	0	0	18.6000215227411	0	57.5415087160061	0	16.3438354623227	0	0	0	0	0	0	0	0	0	0	0	0	0	0	0	0	0	0	0	0	0	4.48065598386345	0	0	0	100	14.1587780806248	0	0	0	0	0	0	0	0	0	3.54001695141053	0	0	6.82420575477411	0	0	0	0	42.0678104517757
Mesangial_cells_gex	29.4007885977286	0	0	50.2957512166868	0	26.9548449217811	5.45553837038529	4.81196497612331	24.5042279609942	0	0	1.66116727451695	0	0	0.873207361158201	31.5300241735837	15.9735927920417	0	0	0	0	0	0	0	0	0	0	0	0	0	0	0	35.4539763009791	4.67443248129312	0	0	0	0	0	0	3.38014135760747	0	19.4045525221921	0	0	0	19.9983837963274	0	0	0	0	0	0	14.5234921758428	0	0	0	0	0	0	0	0	0	1.01940358571859	27.7817984364517	0	14.2406605138023	0	0	0	0	0	0	0	0	0	0	2.74186086199951	0	0	0	23.5120883361483	32.6179418125566	0	0	0	0	29.0884443421133	0	1.87911395815596	23.9063349905443	33.3800900226719	0	0	23.3649088354044	22.1065966988385	0	0	0	0	0	0	0	0	0	49.8912199765817
Monocytes_gex	0	0	0	0	0	0	0	0	0	0	0	0	0	0	51.3676547472504	0	0	0	0	0	0	1.96294694578439	0	0	0	0	90.0333775505301	0	0	0	55.5823395187669	0	0	0	0	0	0	0	0	0	89.8385377995621	0	0	0	0	0	0	0	0	0	0	0	0	0	0	0	0	0	0	0	0	0	0	100	0	0	0	0	0	0	0	87.1782135276947	0	0	0	0	0	0	0	0	0	0	0	0	0	59.6385457231619	0	0	0	0	0	0	0	4.55448679122566	0	0	0	0	0	0	0	0	0	0	0	0
Myocytes_gex	0	0	0	0	0	0	30.7133753151671	0	0	0	0	0	36.1479818235757	0	76.2259495837991	22.0579999153376	0	0	0	0	0	0	0	0	12.2886084367312	0	0	67.188094744365	0	0	0	0	0	0	0	0	0	0.958265512821846	0	0	100	0	1.38645556208218	0	100	28.0064023664519	0	0	0	0	0	0	0	0	0	0	0	0	0	0	0	0	0	0	0	0	0	0	0	0	46.9504305474116	0	0	0	0	41.1258175357115	0	0	0	0	0	0	0	0.353343310159371	0	0	0	0	0	0	0	0	0	38.9194685641561	0	0	0	0	8.01872180413312	0	0	0	0	35.6634566166768	51.1952057986606	0
NKT_gex	59.6639827618013	0	0	100	0	0	41.7454576623731	0	0	0	6.51372157665068	0	67.2636668774559	0	0	27.7722173317217	0	76.7598459379088	1.52174193691585	0	26.2845004516098	0	0	63.8037333241355	0	0	0	43.1653055694015	0	22.2072995056968	0	1.58913552914742	56.1266822201194	21.8430481518746	25.0880331073641	0	0	0	0	42.7457562588476	62.8356086954403	0	0	0	0	100	0	53.1898553840126	0	2.42779174331894	0	26.9360799842399	47.7400256449746	78.9913838970629	0	0	43.0720267195345	0	0	0	33.1147471342973	0	0	0	40.7120979268181	0	0	8.48914262892428	77.5842964745939	0	0	0	45.7057557904838	0	15.2764988863378	0	0	0	1.54570545073051	12.2118968542805	0	0	20.2373148038056	0	0	0	0	66.7919227909725	0	0	0	0	0	12.2093694168112	2.22159997513129	0	21.9359247365046	0	0	0	0	0	0	77.940805185762	0	27.0166258812751
NK_cells_gex	0	0	0	0	0	0	0	0	0	0	7.82285208149774	0	0	0	0	0	7.60860808913617	0	0	0	0	0	0	0	0	0	0	13.3609668627128	0	0	0	0	2.62560230080935	0	0	0	0	0	0	0	0	0	0	20.6155933527789	2.37991817317393	0	0	0	0	0	0	0	0	0	0	0	0	0	0	0	0	0	0	0	0	0	0	4.13578680713447	0	0	0	0	0	0	0	53.7710184776261	0	12.3235943317141	0.0868089820083472	0	0	0	0	0	0	0	0	0.295851382461156	0	0	0	0	0	0	0	0	0	0	0	0	8.81275717224802	0	0	0	0	0
NPM1_mut.panel	0	0	18.6459807335925	0	0	0	34.5661108240789	32.3539368742722	43.7808744623145	0	19.5778976904211	0	0	23.9586704504926	0	0	0	1.43826697199945	0.883162591504222	0	20.5585620351035	47.183449288913	0	12.1678738236185	0.633518592259531	4.65815293058124	0	79.1021005862315	17.742228819634	15.095729987864	0	0	25.8784544252741	0	100	0	0	0	71.0372127762853	0.151555896917909	39.9483689759525	0	0	0.220899345634333	0	0	0	34.7481897896975	0	0	0	100	87.2104371253143	0	0	11.5846778621366	28.6781293772002	18.8226251947118	0	0	0	0	0	16.8961095700652	0	0	0	0	0	14.411425039396	0	0	42.0081635307593	0	0	0	15.8315936674064	24.5667907927408	12.1273031096851	0	0	0	0	15.6225478374111	0	0	0	7.03372394391774	0	11.832536350428	0	0	0	2.06294861164584	0	14.0301412607903	0	29.5388330222641	0	0	41.636210829026	0	11.2171045194656	17.2281035451655	0	0
NRAS_mut.panel	3.67021340909815	0	7.1505306250647	0	41.4143184121043	0	0	20.5597253871965	6.33774902969788	0	13.7892874583564	0	38.2916446865623	0	0	18.8730488981512	0	59.1562711128814	25.9975618203068	27.7702080641668	0	80.2784970907893	0	9.67456372550324	7.48137873577696	0	53.3992105035884	20.0317805764704	21.5784406731389	94.8021785674735	3.48571190216746	64.7644153896482	0	94.2512288417002	5.96569020621171	22.9138164646985	90.1497911398426	46.88294862707	21.5824633830743	22.5250660793025	63.9432237826806	1.11714205913046	0	36.883233724752	58.8959148447717	45.8086880522974	0	16.8405068194892	30.8047093068627	11.8385578876685	49.6839907969217	3.70471569246624	19.9931287677926	17.9839012636908	73.0697447299119	16.247995612562	6.79386936154329	0	100	0	57.8051378768334	11.6702687094413	0	0	13.5794487083565	100	88.2990605959415	0	83.1151019890429	28.4556701613138	95.7355024964928	0	5.35808416257042	28.2818218371469	5.55751545869589	58.4269190463476	33.2814798010352	0	0	0	1.76018195267877	10.8092750457849	47.9874135366976	0	0	52.6921380783818	34.1212871078603	19.7486135844033	0	0	9.74479930605887	33.5807504600786	17.8919712027423	0	33.6562139145777	65.6751266893582	32.6537623664614	46.8034996539749	30.211994208797	61.4709441502814	100	100	2.80986212647822	0	0	9.58543006473967
Neurons_gex	0	6.32974959518081	0	0	0	0	0	0	0	0	0	0	24.3362076356171	0	0	2.72444129129836	0	0	16.6716124175713	0	0	0	0	0	0	0	0	0	0	0	0	0	0	0	23.7320935032083	0	0	0	0	0	7.07998119972381	0	0	0	0	0	0	0	12.8351677112697	0	0	0	0	0	0	0	0	0	0	0	0	0	0	0	0	0	0	0	0	18.3513324915952	0	0	0	0	0	0	0	0	0	0	23.0611343851189	35.2906179035504	4.39028110893624	0	0	0	0	0	0	0.530286453123114	0	37.1642975757869	0	18.0972388040598	9.02302894576973	0	0	0	0	0	0	0	6.20150320380165	64.8543884662419	0	0
Neutrophils_gex	0	0	0	0	61.1194501278129	2.36532767823066	0	0	0	0	0	0	0.0621962631711767	0	0	0	0	0	0	0	0	0	0	0	0	0	0	0	0	0	0	0	0	0	0	0	0	0	0	0	26.3543778967839	0	0	0.291796865058962	0	0	0	0	0	0	0	0	0	0	0	0	0	1.61169217232239	0	0	0	24.592071453944	0	0	9.37693886680022	0	0	0	46.3280201892053	0	0	0	0	0	0	0	0	0	0	0	0	0	0	0	0	0	0	21.9128109168961	0	0	0	0	0	0	0	0	0	1.51366320478773	0	0	0	0	0	0	0	0
Osteoblast_gex	0	0	0	30.2428159561	0	0	0	0	0	0	0	0	0	0	0	0	0	0	0	0	0	0	0	0	0	0	0	0	0	0	0	0	0	0	0	0	0	0	85.1884082914114	0	0	0	0	0	0	0	0	0	0	0	0	0	0	0	0	0	0	0	0	0	0	0	10.8036546444987	0	0	0	0	0	0	0	0	0	0	0	0	0	0	64.3909948818863	0	0	0	0	0	0	0	0	0	0	0	0	0	0	0	0	0	0	0	0	0	0	0	0	0	0	0	0
PTPN11_mut.panel	0	0	0	0	0	0	0	0	0	0	1.40954389308505	0	0	0	0	35.4997643581965	0	0	0	0	0	0	0	0	6.25698694356608	0	0	21.4477635684059	0	0	0	0	0	0	0	0	0	0	0	0	0	0	0	0	0	0	23.7874062133361	0	0	17.4120379821213	0	0	0	0	0	0	0	0	0	0	0	0	0	0	0	0	0	0	6.50617345488588	0	34.8972480633726	0	5.56070453067603	0	0	20.6123672612522	0	37.7388894206388	0	0	0	3.48404107346504	56.963220093265	0	0	0	0	0	0	0	0	0	0	16.3423768969772	0	0	0	0	0	0	0	0	0	0	0	0
Pericytes_gex	0.200082477334573	0	0	18.9044652613518	0	0	0	0	0	0	0	0	0	0	0	0	0	0	0	0	78.8147964145148	0	0	0	0	32.6862610676142	0	23.0862975991331	0	0	0	0	0	1.60827425409358	0	0	0	0	10.7498224389921	0	0	59.9250995374122	0	0	0	0	0	0	0	0	0	0	0	0	0	0.337645118223998	0	0	0	0	0	0	15.3369420737266	0	0	0	0	0	0	0	0	0	0	0	0	0	0	0	0	0	2.53257315120343	0	10.0456626865029	0	0	0	0	0.491154793303127	94.9246360375271	0	0	0	0	0	0	9.61104677008338	0	0	0	0	0	0	0	0	0	0
Plasma_cells_gex	11.4522292006174	0	0.172975562850676	78.7048441939691	4.69130388485959	0	15.2590085045761	38.4685835957518	14.41944631241	63.7779921156911	59.9804117134527	0	0	0	0	0	0	5.29770814368597	15.4490004372128	13.5457395984719	0	0	0	0	0	0	84.8295094276311	6.47957292890002	63.3253996284684	0	43.5675051602595	24.4777607004893	71.4446942084569	0	0	0	70.8531819943399	1.69474050166354	55.4169193736819	0	47.6111910893728	0	73.0210944597209	11.2317083826702	30.9592134831065	0	0.731986165684123	0	19.3678494808189	0	7.90296416142884	0	0	40.9895171523728	0	0	26.5798190183242	18.9610164033584	0	0	21.8860835413737	87.9858672712892	50.6504389973046	23.870009293321	42.3321027821642	15.6274646667298	0	0	22.3776065074805	0	88.0193455498452	0	0	23.6036931879267	29.3792567309302	0	0	0	0	43.1618834629659	0	56.5126989362511	0	0	100	0	0	55.9637081442194	16.3067047219658	45.1102176631207	8.91640793006939	94.4627055235551	14.2463138394192	0.317495384011481	3.56303352640104	0	100	76.224016142238	0	4.42447814246112	52.4451084024549	0	0	0	0	0
Platelets_gex	0.130635575215724	3.08747991483419	0	16.9185971760484	0	100	0	0	0	0	0	0	0	0	0	35.0624306643568	0	0	0	0	0	0	0	0	8.77825744396279	20.1489516066278	0	0	0	0	0	0	0	0	0	0.0383955030586811	0	0	0	0.0816583811481405	0	8.06250914495211	0	0	1.27606536636825	0	0	0	18.8021843951486	38.1365537989741	0	0	31.2869897505214	0	0	26.8640991764161	0	33.8693357997028	0	0	0	4.67115818269414	0	0	0	0	0	7.26763292262568	0	1.13627752574024	0	0	0	0	0	0	0	0	4.61505975099919	0	0	0	0	0	22.8303218867964	0	32.9031396073665	4.96090700430845	0	52.379891482466	0	0	0	0	0	0	0	0	0	0	0	0	0	17.7877094111965	0	0
Preadipocytes_gex	0	0	0	29.7845068776665	0	0	0	0	0	0	0	13.4435397954126	0	0	0	0	0	0	0	0	0	0	0	0	0	0	0	8.2290737249702	0	0	0	0	0	0	0	0	0	0	0	54.4935239775207	0	0	0	0	0	0	0	0	0	0	0	0	0	0	0	0	0	0	0	0	0	0	0	0	0	0	0	0	0	0	0	0	0	0	0	0	0	0	0	0	0	0	0	0	0	0	89.2919020974266	0	0	0	0	0	0	0	0	0	0	0	0	0	0	0	0	0	0	0
RUNX1_mut.panel	0	0	0	0	0	0	24.3636009111098	0	0	0	12.5200659347794	0	0	0	0	40.098781866458	0	0	0	0	51.7604474071768	0	0	0	0	0	0	0	0	0	0	0	0	0	0	0	51.019142489691	6.25847622983361	0	0	25.5247366250675	0	0	0	1.38778591684438	0	0	0	0	0	0	0	0	0	0	16.1085906382023	0	19.9790671398091	33.1343157205467	0	0	0	0	0	0	1.95112425641661	0	0	0	0	0	0	0	0	0	0	0	15.8407306617293	0	0	5.94253710616696	5.21074179475187	0	0	0	0	0	0.0621984194050668	0	0	5.07412819669597	0	0	0	27.630955923945	0	0	0	0	0	0.222869620463036	0	0	21.5728968438669	0	0
SF3B1_mut.panel	14.7510975094011	0	25.118017681741	0	0	0	66.1672219754502	21.0094103545634	0	0	3.54256567524052	0	0	0	0	0	0	0	0	25.0354881553674	27.5475019675664	0	0	7.4946997765963	0	0	0.31962865603913	25.5360361078423	1.30575617844238	43.9445055941086	30.2492216346169	3.12280138333916	74.0584938270789	0	0	0	28.6584113324932	0	4.95042779615312	53.1638005202567	0	0	41.6512236566446	1.18684465624822	74.8205036251175	0	0	30.5558782169129	10.7095716256066	0	0	81.8067880156793	82.3850469424918	0	40.0360490280162	0	0.301577015457692	15.0610760924356	23.6518869552262	0	0	5.10240211855559	0	1.61084138764009	3.60187175509667	0	0	27.3189954214127	53.237584571224	0.286544503159583	40.616950061235	0	0	44.2550924372346	0.317699524911168	16.8395757982269	0	0	0	1.17860958658928	0.521226291454443	24.2261833756173	10.0234395804438	14.9567441542338	6.55363568390001	7.36620910060807	0	32.848964608869	0.298089317583435	0	0	57.3135283374812	0	0	15.2912281544511	1.04458522856896	3.13575046000864	0	0	8.33198374266552	0	0	19.1872058004194	9.75794890975176	0	0
SRSF2_mut.panel	3.18563528276417	0.88399349765876	0	64.5333584043003	0	0	0	0	0	0	44.6119065717879	1.09529226650935	0	0	0	0	0	0	7.40768848490657	0	4.6260098661971	0	0	0	0	0	0	21.9598374711123	8.88415832355116	0	0	0	0	0	0	0.627754014593942	0	24.102635714411	15.2192538154624	0	30.0912427387427	0	0	0	20.3279573460945	0	0	0	0	0	0	0	0	3.79495993163478	51.3245649457246	0	0	0	0	0	0	0	0	0	0	0	0	0	0	7.98432836425764	0	0	0	0	0	0	0	0	0	0	0	0	0	0	0	0	0	0	8.72000361152287	0	0	0	0	0	0	0	11.2290825252777	6.47975101752679	0	0	0	0	0	0	0	28.4059536652668
STAG2_mut.panel	0	0	0	0	10.8269895887008	23.8581943448365	0.915841650867282	0	20.6800085716061	0	0	6.38557187825964	24.3049859813704	0	0	0	35.8602250174808	0	0	13.6966084937126	18.9559489861103	0	0	0	0	0	2.0287807019712	0	37.4847507620231	2.60004404203309	0	0	0	0	24.5863640193204	0	0	0	24.0465981817101	61.8396913434536	68.61215850205	0	0	0	0	0	0	0	4.8775399461737	0	0	0	0	0	0	0	0	0	14.2214485989425	0	0	0	0	0	0	0	29.0380560401467	0	0	0	0	0	0	0	0	5.26990599510742	0	0	6.06239087396847	0	0	23.6394269401165	0	25.7329778867474	0	0	0	0	0	0.700896644774817	0	0	0	0	0	0	10.3847832350697	0	0	0	0	0	0	0	0	0
Sebocytes_gex	0	0	0	0	0	0	0	0	0	0	3.95116411749446	0	0	0	0	2.84791023144837	0	0	0	0	46.4943208485696	0	0	0	0	14.2707293675552	0	0	10.3798253613	0	0.359985846788301	0	0	0	3.73939255823867	0	0	0	0	0	0	0	0	0	0	0	0	0	23.6902414475523	17.8557674109957	0	0	0	0.680038416108035	32.0103617825878	0	11.7674309700465	0	0	0	0	0	0	0	0	0	27.8817333575203	0	0	0	0	0	0	0	0	15.1112073009735	0	0	0	9.22743530903885	0	0	0.770331906578338	0	0	0	0	26.9482697120338	22.4118655633258	0	0	0.269799089228607	0	19.7712547991988	0	0	0	0	7.62683116614004	0	0	0	0	0	0	0
Skeletal_muscle_gex	0	0	0	0	0	0	0	0	0	0	0	0	0	0	0	0	0	0	0	0	0	0	0	0	0	0	0	5.61356077087442	14.2919608824214	0	0	0	0	0	0	0.939785765229674	0	0	4.88130507866002	0	29.0258615674251	0	0	0	0	0	0	36.876174877084	7.47920000574384	0	0	0	0	0	0	0	0	0	0	0	0	0	0	0	0	26.1155585161534	10.0539404289368	0	0	0	0	0	0	0	0	32.0173405264892	0	37.7424921192521	12.161534546652	0	0	0	0	0	0	21.9372977406495	19.5433280579933	0	0	0	2.32844370999215	45.9407298373931	0	9.53890986419899	0	0	0	0	0	0	0	0	0	0	0	0
Smooth_muscle_gex	17.5004749052049	0	0	0	0	0	0	0	0	0	0	0	0	0	0	0	0	0	0	0	0	0	0	0	0	100	0	23.8048258873204	0	0	0	0	0	0	0	0	0	0	0	0	0	0	0	0	0	0	0	0	0	0	0	0	73.2795629696113	0	0	0	0	0	0	0	0	0	0	0	0	0	0	0	0	0	0	0	0	0	0	0	0	0	0	0	0	0	0	8.54314178537007	0	0	0	0	0	0	0	0	0	0	0	0	0	0	0	45.1494780188854	0	0	0	0	0	0
TET2_mut.panel	10.2471683437539	0	0	0	21.0064763020282	0	0	0	0	0	0	0	0	0	0	30.623366456143	50.4243888608993	0	0	18.7087572343146	0	0	11.9441823326847	0	0	0	0	0	14.9596114535884	11.424475302893	0	0	0	25.8722057006434	0	65.8909488888182	0	13.6394794180198	0	9.96027018197391	6.63706749315643	0	0	0	29.6039334376919	0	0	0	0	33.0507528043352	0	0	18.6040197020672	4.64905314460782	0	12.3914022600315	0	0	82.8462322390346	0	0	0	2.86531591917731	0	0	0	0	3.61439649050414	0	15.021206725795	0	0	8.87347425049086	17.3404942353609	0	0	0	0	8.1646535144166	0	40.0877431112289	0	20.9896326155817	0	0	0	0	12.0999239296334	0	0	0	0	0	11.3616759741092	2.59356299818202	15.5523931046067	0	28.4492246338013	0	0	0	0	3.68746396341822	0	0	0
TP53_mut.panel	0	0	0	0	0	0	10.8486718163306	0	0	0	41.0449451994085	0	10.6834983040055	3.47051163153655	0	0	0	0	7.14626830543368	0	1.10085097894581	61.4493209111079	0	0	8.90239254410703	0	0	9.11313687602821	0	0	0	1.02062461796824	0.0896307250557618	4.79574180470849	0	0	0	0	1.92964769417454	0	0	17.117178908225	0	0	0	9.9379909883411	0	0	0.810375657434463	0	0	30.43594065836	0	0	10.6746802517001	8.61967981885684	0	0	30.2150898314166	0	0	0	0	0	0	0	0	0	0	0	0	0	9.17922371182127	21.9621417290966	0	0	0	0	8.68754506075494	0	23.6593384823188	0	54.5076632349251	0	0	0	0	0	0	10.7912663260574	22.7028751612875	91.5665594884623	0	5.20531009013322	0	41.3129349943442	0	0	0	0	0	0	0	1.57749102852504	0	0
Tgd_cells_gex	0	0	0	0	0	0	0	8.28696140158684	0	0	9.01906083220711	0	0	0	0	0	0	0	0	0	0	0	0	0	0	0	0	0	0	0	0	0	0	0	0	0	0	0	0	0	0	0	0	0	0	0	0	0	0	0	0	0	0	0	0	0	0	0	0	0	0	0	0	0	0	0	0	0	0	0	0	0	0	0	0	0	0	0	0	0	13.6740496969006	1.04333355407054	0	0	0	0	0	0	0	0	0	0	0	0	0	0	0	0	0	0	0	0	0	0	0	0
Th1_cells_gex	0	0	0.253001680196921	87.4507693985395	0	0	0	0	0	0	0	0	0	0	0	75.8390761581555	0	0	0	0	76.1664575799009	0	0	0	0	0	0	100	0	0	0	0	0	0	0	22.7315025239353	29.0967126643742	0	0.545207603938045	0	56.3631066156404	48.8904003573198	12.4219108151119	0	0	0	0	58.7628376266152	0	0	0	0	0	0	0	0	0	26.6971549109275	0	0	0	0	0	0	0	36.5614778555179	0.632365619282742	0	0	0	2.64968452041017	0	0	22.6175606220602	0	0	0	0	0	0	0	6.92913024617193	0	0	0	0	0	0	0	0	24.2007819254036	0	11.3408169329136	0	0	0	0	70.3131862943641	0	0	0	0	0	0	0	8.88849110152379
Th2_cells_gex	0	0	0	0	0	0	7.57791457904439	0	0	0	0	0	0	0	0	2.44586955884071	0	12.4401932777561	0	0	0	0	0	0	0	0.154706638973849	0	1.59411626035532	28.2519100826637	0	0	0	34.4355291028965	0	0	0	32.5771938007746	0	0	0	36.512092797598	0	0	0	0.394501812835388	0	0	0	0	0	26.4177591829661	1.15500060970567	0	0	0	0	0	0	0	0	0	0	10.28214535162	0	1.34535992991733	0	3.08356953945548	0	0	0	0	0	0	0	0	20.1840566311365	0	25.5102003301996	0	0	0	1.84900652500351	0	0.110179403125028	0	0	34.6686157560287	6.39477087614373	0	0	0	0	0	0	0	0	0	0	0	0	3.17059297445412	0	7.02279417917732	44.5453257453864	0	0
Tregs_gex	0	0.0222363427091532	0	0	0	0	0	0	0	0	0	0	0	0	0	0	0	0	0	0	0	0	0	0	0	0	0	0	0	0	0	0	0	0	0	0	0	0	0	0	39.7274637270955	0	18.3647642828274	0	0	0	0	0	0	0	0	0	0	1.82950429919071	0	0	0	0	0	0	14.8345769866851	0	0	0	0	0	0	0	0	48.3813136363151	0	0	0	0	0	0	0	0	0	0	0	0	0	62.8026022340384	0	0	0	0	0	0	0	0	0	0	0	2.7424531835546	0	0	0	0	0	0	0	0	0	0
U2AF1_mut.panel	0	0	0	0	0	0	0	0	0	0	0	0	4.99204393310607	0	0	0	0	0	0	0	0	0	0	0	0	0	0	6.53142804788898	0	0	0	0	0	0	21.1527958190095	19.155027868194	0	0	0	0	40.9949987934203	0	0	0	0	0	0	0	0	0	12.1711774034684	0	2.66930922689967	0	0	0	0	33.1855971359009	0	21.520198491369	1.54143843617682	0	0	0	0	0	0	0	0	0	0	0	0	0	26.1486314900724	0	0	0	0	0	0	0	6.65382955627561	5.7529579977793	0	0	0	0	0	0	0	0	0	0	0	50.7284518967554	0	0	0	0	0	0	0	0	0	0
WT1_mut.panel	47.6908262568185	0	0	0	0	0	0	0	17.145375752207	0	0	1.94935287339136	25.3447820432749	0	0	4.43135964734095	20.7676221515316	0	0	0	31.3279434801756	0	24.0631501357315	0	0	0	0	30.4448585577187	0	0	0.238406844464937	0	50.713593261292	0	21.8475580576824	0	0	0	0	7.90836948343723	28.3424131772002	13.3096455402453	0	0	19.2584763064225	0	0	0	0	0	0	0	65.9089887336598	60.9760312860472	0	19.2108388968735	6.69588219981733	0	0	0	0	0	90.4116048520271	0	15.667151907485	0	0	0	0	41.8307022542964	0	0	0	0	0	0	0	21.5746361606098	0	0	0	0	0	0	0	19.3084947620078	0	3.91248243035099	0	0	0	0	0	0	0	0	19.9755760881791	0	0	0	0	0	0	0	0	13.5660178305448
aDC_gex	0	0	0	0	0	0	0	0	0	0	0	0	0	0	0	0	0	0	0	0	0	0	0	0	0	0	0	0	0	0	0	0	0	0	0	0	0	0	0	0	0.0255050606148152	0	0	0	0	0	0	0	0	0	0	0	0	0	0	0	0	0	0	0	0	0	0	0	0	0	0	0	0	0	0	0	0	0	0	0	0	0	0	0	0	0	0	0	0	0	0	0	0	0	0	0	0	0	0	0	0	0	0	0	0	0	0	0	0	0
cDC_gex	0	0	0	0	87.075146178126	0	0	5.58617411797551	0	0	0	100	0	0	0	5.30637779967696	0	0	0	0	0	100	0	100	0	64.5232740069705	0	11.856441020601	0	0	0	0	0	0	0	0	0	37.3430986243785	0	0	95.0260495028305	100	0	0	0	0	100	39.2695171155405	0	0	0	0	0	0	100	0	0	0	0	18.1543858592626	0	0	0	22.960971268092	0	0	100	0	0	0	0	0	0	0	0	9.69673662358304	0	0	0	0	1.6616132457645	0	0	0	0	80.1615898163449	0	0	23.8137289319693	0	0	19.1272604522634	0	2.63565595559599	0	89.2983333908784	0	0	100	0	0	0	0	0	0	0
iDC_gex	0	0	0	0	0	0	93.915349621679	0	0	0	32.613359513273	0	0	14.0204331363846	0	2.86889141974394	0	52.3259729926931	0	0	0	52.4772585910378	0	0	0	0	0	0	60.4944145862313	0	0	0	0	0	13.6285844572363	0	0	0	0	0	0	14.2309966742934	0	0	0	30.4830771414761	0	86.3706396599225	0	0	1.38238760829363	0	36.2934624064944	0	30.7222721204878	0	1.9604353831539	0	0	0	0	0	0	0	35.7570447767584	0	0	0	0	0	0	52.2156160031613	0	55.4056533246321	100	58.3527769032923	0	0	37.4207799270553	0	0	0	14.8012536156512	0	0	0	0	0.114536680415754	100	0	1.6204337596652	0	0	2.16034234980392	6.0731528935369	18.9255775347336	7.21316281009915	46.9468418438706	0	0	0	0	23.5778603724976	0	0	0
ly_Endothelial_cells_gex	0	0	0	20.1672742164633	0	0	0	47.3232525299184	39.6565086764344	0	0	0	0	0	30.0912566848745	19.9490031222996	0	0	0	100	6.89401422040341	0	0	0	0	0	0	30.2150735068154	0	0	49.5631745221361	100	7.69641968447862	0	0	0	44.1281384779534	0	27.7869177738163	0	0	0	0	0	0	0	0	0.222066859832942	0	0	0	0	66.4969928613292	0.145523641457025	0	0	100	0	0	0	0	100	0	69.0320944676879	0	0	31.0002571569953	1.99396460493198	0	0	74.386434095298	0	0	0	0	0	0	0	0	0	0	67.5275204784715	0	44.0820942989147	36.4039795916561	92.8672968861914	0	0	0	0	0	0	0	0	0	0	0	91.5516429933354	0	0	0	0	0	2.13851148489355	0	0
mv_Endothelial_cells_gex	16.1791961283947	0	0	0	0	0.877594638201903	0	0	0	0	0	0	0	0	0	11.482474164336	0	0	0	0	0	0	0	0	0	0	0	55.6387258629854	8.10494551155071	0	0	0	0	0	0	0	0	0	0	0	0	0	0	0	0	0	0	0	0	0	4.50931941164125	0	0	0	0	0	0	0	0	0	0	0	41.663724563549	0	0	0	0	0	0	0	0	0	75.5555852897452	0	0	0	0	0	0	0	26.2797913705997	0	0	0	0	2.33724135016405	0	0	0	0	0	0	0	0	0	22.5685516050101	0	0	8.15773317983255	0	0	0	0	0	0	0
naive_B_cells_gex	0	0	0	0	0	0	0	54.4177770429531	0	0	51.0859710494694	0	49.3760681931472	0	0	0	0	0	0	0	21.2306178566346	0	0	0	0	0	0	0	100	0	0	0	0	0	0	0	11.6192144622069	0	45.9274607448303	0	20.1056455230952	0	0	0	1.96437659839599	0	0	0	0	0	35.69493444472	0	0	0	0	0	0	0	0	61.2122471627627	0	0	0	0	0	21.3024547266986	0	0	0	0	0	0	0	0	0	0	0	0	0	0	9.10090425722027	0	0	0	0	0	0	0	0	0	0	0	0	0	0	0	0	0	0	0	37.1657936575685	0	0	0	0	0
pDC_gex	0	0	8.80433837692834	0	0	0	0	32.9449574179734	1.51693103942133	0	100	0	41.4773032085172	0	0	0	0	0	0	0	29.9823861490486	48.7049306112918	0	21.8646697267202	8.61991009949695	0	0	0.218861966678133	0	0	0	0	0	27.1480933029383	0	0	0	0	0	15.4986413468653	5.37185520809791	0	0	0	1.53403184929108	22.776837922779	0	0	21.3101622225448	0	0	0	0	0	0	0	0	18.7116658143255	0	0	0	0	0	0	0	0	0	30.7932049938926	0	0	0	0	37.1646244400955	71.5754917166937	17.0805252368038	0	0	8.98534658269453	0.0635594518526785	8.72402628892203	60.602418923791	18.6778643135146	77.2383790295876	0	0	0	0	0	2.47272978479586	0	3.96191844098856	0	10.1680686012987	15.8415838067523	0	10.27961304656	0	0	0	0	0	0	0	0	0	3.86289684251897
pro_B_cells_gex	0	0	0	0	0	0	0	0	0	0	0	0	0	0	0	0	0	0	0	0	0	0	0	0	0	0	0	28.1795513413282	0	0	0	0	0	0	0	0	0	0	85.3852505382691	0	24.09693882559	0	0	0	0	7.77991391423296	0	0	0	0	0	0	0	0	0	0	0	0	0	12.531931279113	0	0	0	0	0	0	0	0	0	0	0	0	0	0	0	0	0	0	0	0	0	0	0	0	0	6.3849533583798	0	0	0	14.6363036396515	0	0	0	0	0.185322388814522	0	0	0	22.5813333000106	0	0	0	0	0	0	0
